no,tanggal,jalan,kecamatan,kelurahan,area,objek,detail,terima_berita,berangkat,tiba_tkp,mulai_penanganan,selesai,tiba_pangkalan,respon_time,depth_cm,lat,lon,geocode_level
1,2025-01-01,Jl. Srikana,Gubeng,Airlangga,Surabaya Timur,Genangan,Debit air 80cm-20cm,2025-01-01 13:26:00,2025-01-01 13:27:00,2025-01-01 13:33:00,2025-01-01 13:34:00,2025-01-01 19:00:00,2025-01-01 19:01:00,00:07,80.0,-7.274123,112.758657,level1_full
2,2025-01-01,Jl. Ngagel Jaya Utara (Gereja SMTB),Gubeng,Baratajaya,Surabaya Timur,Genangan,Jl.Ngagel Jaya Utara (Gereja SMTB) : 15-20 cm,2025-01-01 13:26:00,2025-01-01 13:27:00,2025-01-01 13:33:00,2025-01-01 13:34:00,2025-01-01 19:00:00,2025-01-01 19:07:00,00:07,20.0,-7.2960594,112.7594578,level4_kelurahan
3,2025-01-01,Jl. Ngagel Kebonsari ( SMP 12 ),Wonokromo,Ngagel Rejo,Surabaya Selatan,Genangan,Jl. Ngagel Kebonsari ( SMP 12 ) : 15cm,2025-01-01 13:26:00,2025-01-01 13:27:00,2025-01-01 13:33:00,2025-01-01 13:34:00,2025-01-01 19:00:00,2025-01-01 19:07:00,00:07,15.0,-7.2978653,112.7492322,level4_kelurahan
4,2025-01-01,Jl. Tenggilis Mejoyo,Tenggilis Mejoyo,Tenggilis Mejoyo,Surabaya Timur,Genangan,Jl. Tenggilis Mejoyo = 15cm,2025-01-01 13:26:00,2025-01-01 13:27:00,2025-01-01 13:33:00,2025-01-01 13:34:00,2025-01-01 19:00:00,2025-01-01 19:07:00,00:07,15.0,-7.3198073,112.7569099,level1_full
5,2025-01-01,Jl. S.Memet (SMA 3),Bulak,Kenjeran,Surabaya Utara,Genangan,Jl. S.Memet (SMA 3) : 50cm,2025-01-01 13:26:00,2025-01-01 13:27:00,2025-01-01 13:33:00,2025-01-01 13:34:00,2025-01-01 19:00:00,2025-01-01 19:07:00,00:07,50.0,-7.2349032,112.7924978,level4_kelurahan
6,2025-01-01,Kenpark,Bulak,Sukolilo Baru,Surabaya Utara,Genangan,Kenpark : 25 cm - 10cm,2025-01-01 13:26:00,2025-01-01 13:27:00,2025-01-01 13:33:00,2025-01-01 13:34:00,2025-01-01 19:00:00,2025-01-01 19:07:00,00:07,25.0,-7.2443538,112.793908,level4_kelurahan
7,2025-01-05,Jl. Simorejo sari B,Sukomanunggal,Simomulyo,Surabaya Barat,Genangan,Jl. Simorejo sari B = ± 15 s/d 20 cm,2025-01-05 13:09:00,2025-01-05 13:10:00,2025-01-05 13:16:00,2025-01-05 13:17:00,2025-01-05 18:27:00,2025-01-05 18:34:00,00:07,20.0,-7.2608289,112.7109621,level4_kelurahan
8,2025-01-05,Rusun Warugunung ( depan lapangan bola ),Karang Pilang,Waru Gunung,Surabaya Selatan,Genangan,Rusun Warugunung ( depan lapangan bola ) = ± 5 cm,2025-01-05 13:09:00,2025-01-05 13:10:00,2025-01-05 13:16:00,2025-01-05 13:17:00,2025-01-05 18:27:00,2025-01-05 18:34:00,00:07,5.0,-7.3503716,112.673424,level4_kelurahan
9,2025-01-11,Jl. Raya Kendangsari ( RSIA ),Tenggilis Mejoyo,Kendangsari,Surabaya Timur,Genangan,Jl. Raya Kendangsari ( RSIA )= 15cm,2025-01-11 14:07:00,2025-01-11 14:08:00,2025-01-11 14:14:00,2025-01-11 14:15:00,2025-01-11 20:37:00,2025-01-11 20:44:00,00:07,15.0,-7.3244083,112.7497263,level4_kelurahan
10,2025-01-11,Gereja SMTB ( sisi barat ) Jl.Ngagel Jaya Utara,Gubeng,Baratajaya,Surabaya Timur,Genangan,Genangan : ± 15 cm,2025-01-11 14:07:00,2025-01-11 14:08:00,2025-01-11 14:14:00,2025-01-11 14:15:00,2025-01-11 20:37:00,2025-01-11 20:44:00,00:07,15.0,-7.2960594,112.7594578,level4_kelurahan
11,2025-01-11,Jl. Teluk Betung,Pabean Cantian,Perak Utara,Surabaya Utara,Genangan,Genangan : 10 cm,2025-01-11 14:07:00,2025-01-11 14:08:00,2025-01-11 14:14:00,2025-01-11 14:15:00,2025-01-11 20:37:00,2025-01-11 20:44:00,00:07,10.0,-7.2141232,112.7295661,level1_full
12,2025-01-11,Jl. Cokroaminoto,Tegalsari,Dr. Soetomo,Surabaya Pusat,Genangan,Genangan : ± 10cm,2025-01-11 14:07:00,2025-01-11 14:08:00,2025-01-11 14:14:00,2025-01-11 14:15:00,2025-01-11 20:37:00,2025-01-11 20:44:00,00:07,10.0,-7.2782165,112.7389915,level1_full
13,2025-01-11,Kelurahan Putat,Sawahan,Putat Jaya,Surabaya Selatan,Genangan,Genangan : 20 cm,2025-01-11 14:07:00,2025-01-11 14:08:00,2025-01-11 14:14:00,2025-01-11 14:15:00,2025-01-11 20:37:00,2025-01-11 20:44:00,00:07,20.0,-7.2802867,112.7174409,level1_full
14,2025-01-11,Jl. Raya Simo Hilir Barat,Sukomanunggal,Simomulyo,Surabaya Barat,Genangan,Jl. Raya Simo Hilir Barat = 30cm,2025-01-11 14:07:00,2025-01-11 14:08:00,2025-01-11 14:14:00,2025-01-11 14:15:00,2025-01-11 20:37:00,2025-01-11 20:44:00,00:07,30.0,-7.2608289,112.7109621,level4_kelurahan
15,2025-01-11,Jl. Ngagel Kebonsari ( SMP 12 ),Wonokromo,Ngagel Rejo,Surabaya Selatan,Genangan,Genangan : ± 15 cm,2025-01-11 14:07:00,2025-01-11 14:08:00,2025-01-11 14:14:00,2025-01-11 14:15:00,2025-01-11 20:37:00,2025-01-11 20:44:00,00:07,15.0,-7.2978653,112.7492322,level4_kelurahan
16,2025-01-11,Jl. Manukan Lor IV A,Tandes,Banjar Sugihan,Surabaya Barat,Genangan,Genangan : ± 60cm,2025-01-11 14:07:00,2025-01-11 14:08:00,2025-01-11 14:14:00,2025-01-11 14:15:00,2025-01-11 20:37:00,2025-01-11 20:44:00,00:07,60.0,-7.2526092,112.659658,level4_kelurahan
17,2025-01-11,Graha Famili,Wiyung,Babatan,Surabaya Selatan,Genangan,Genangan : ± 25cm,2025-01-11 14:07:00,2025-01-11 14:08:00,2025-01-11 14:14:00,2025-01-11 14:15:00,2025-01-11 20:37:00,2025-01-11 20:44:00,00:07,25.0,-7.2963035,112.6785203,level1_full
18,2025-01-11,Jl. Wisma Tenggel Selatan,Benowo,Kandangan,Surabaya Barat,Genangan,Genangan : ± 60cm,2025-01-11 14:07:00,2025-01-11 14:08:00,2025-01-11 14:14:00,2025-01-11 14:15:00,2025-01-11 20:37:00,2025-01-11 20:44:00,00:07,60.0,-7.2495909,112.6502826,level4_kelurahan
19,2025-01-11,Jl. Raya Lontar,Sambikerep,Lontar,Surabaya Barat,Genangan,Genangan : ± 50cm,2025-01-11 14:07:00,2025-01-11 14:08:00,2025-01-11 14:14:00,2025-01-11 14:15:00,2025-01-11 20:37:00,2025-01-11 20:44:00,00:07,50.0,-7.2746255,112.6597962,level1_full
20,2025-01-11,Jl. Raya Jelidro,Sambikerep,Sambikerep,Surabaya Barat,Genangan,Genangan : ± 50cm,2025-01-11 14:07:00,2025-01-11 14:08:00,2025-01-11 14:14:00,2025-01-11 14:15:00,2025-01-11 20:37:00,2025-01-11 20:44:00,00:07,50.0,-7.269971,112.6613338,level1_full
21,2025-01-11,Jl. Dukuh Bungkal,Sambikerep,Sambikerep,Surabaya Barat,Genangan,Genangan : ± 30cm,2025-01-11 14:07:00,2025-01-11 14:08:00,2025-01-11 14:14:00,2025-01-11 14:15:00,2025-01-11 20:37:00,2025-01-11 20:44:00,00:07,30.0,-7.2748666,112.6527469,level1_full
22,2025-01-12,Jl. Simo Hilir Barat,Sukomanunggal,Simomulyo,Surabaya Barat,Genangan,Genangan : ± 30 cm,2025-01-12 19:34:00,2025-01-12 19:35:00,2025-01-12 19:41:00,2025-01-12 19:42:00,2025-01-12 21:37:00,2025-01-12 21:44:00,00:07,30.0,-7.2608289,112.7109621,level4_kelurahan
23,2025-01-12,Jl. Srikana,Gubeng,Airlangga,Surabaya Timur,Genangan,Genangan : ± 5 cm,2025-01-12 19:34:00,2025-01-12 19:35:00,2025-01-12 19:41:00,2025-01-12 19:42:00,2025-01-12 21:37:00,2025-01-12 21:44:00,00:07,5.0,-7.274123,112.758657,level1_full
24,2025-01-12,Jl. Cokroaminoto,Tegalsari,Dr. Soetomo,Surabaya Pusat,Genangan,Genangan : ± 10 cm,2025-01-12 19:34:00,2025-01-12 19:35:00,2025-01-12 19:41:00,2025-01-12 19:42:00,2025-01-12 21:37:00,2025-01-12 21:44:00,00:07,10.0,-7.2782165,112.7389915,level1_full
25,2025-01-12,Kelurahan Putat,Sawahan,Putat Jaya,Surabaya Selatan,Genangan,Genangan : ± 20 cm,2025-01-12 19:34:00,2025-01-12 19:35:00,2025-01-12 19:41:00,2025-01-12 19:42:00,2025-01-12 21:37:00,2025-01-12 21:44:00,00:07,20.0,-7.2802867,112.7174409,level1_full
26,2025-01-12,Jl. Ngagel Kebonsari ( SMP 12 ),Wonokromo,Ngagel Rejo,Surabaya Selatan,Genangan,Genangan : ± 15 cm,2025-01-12 19:34:00,2025-01-12 19:35:00,2025-01-12 19:41:00,2025-01-12 19:42:00,2025-01-12 21:37:00,2025-01-12 21:44:00,00:07,15.0,-7.2978653,112.7492322,level4_kelurahan
27,2025-01-12,Gereja SMTB  ( sisi barat ) Jl.Ngagel Jaya Utar,Gubeng,Baratajaya,Surabaya Timur,Genangan,Genangan : ± 5 cm,2025-01-12 19:34:00,2025-01-12 19:35:00,2025-01-12 19:41:00,2025-01-12 19:42:00,2025-01-12 21:37:00,2025-01-12 21:44:00,00:07,5.0,-7.2960594,112.7594578,level4_kelurahan
28,2025-01-12,Graha Family,Wiyung,Babatan,Surabaya Selatan,Genangan,Genangan : ± 50 cm,2025-01-12 19:34:00,2025-01-12 19:35:00,2025-01-12 19:41:00,2025-01-12 19:42:00,2025-01-12 21:37:00,2025-01-12 21:44:00,00:07,50.0,-7.2930776,112.6759437,level1_full
29,2025-01-12,Teluk Betung,Pabean Cantian,Perak Utara,Surabaya Utara,Genangan,Genangan : ± 20 cm,2025-01-12 19:34:00,2025-01-12 19:35:00,2025-01-12 19:41:00,2025-01-12 19:42:00,2025-01-12 21:37:00,2025-01-12 21:44:00,00:07,20.0,-7.2140538,112.7288097,level1_full
30,2025-01-12,"Petemon Barat
Petemon Kali",Sawahan,Petemon,Surabaya Selatan,Genangan,Genangan : ± 10 cm,2025-01-12 19:34:00,2025-01-12 19:35:00,2025-01-12 19:41:00,2025-01-12 19:42:00,2025-01-12 21:37:00,2025-01-12 21:44:00,00:07,10.0,-7.2613953,112.7184525,level4_kelurahan
31,2025-01-12,Jl.Lebak Jaya II,Tambaksari,Gading,Surabaya Timur,Genangan,Jl.Lebak Jaya II : 10 cm,2025-01-12 19:34:00,2025-01-12 19:35:00,2025-01-12 19:41:00,2025-01-12 19:42:00,2025-01-12 21:37:00,2025-01-12 21:44:00,00:07,10.0,-7.2446897,112.7756818,level1_full
32,2025-01-13,Graha Family,Wiyung,Babatan,Surabaya Selatan,Genangan,Genangan = ± 20 cm,2025-01-13 13:43:00,2025-01-13 13:44:00,2025-01-13 13:50:00,2025-01-13 13:51:00,2025-01-13 23:34:00,2025-01-13 23:41:00,00:07,20.0,-7.2930776,112.6759437,level1_full
33,2025-01-13,Jl.Simo Mulyo - Jl.Simo Rejosari,Sukomanunggal,Simomulyo,Surabaya Barat,Genangan,Genangan = ± 30 s/d 40 cm,2025-01-13 13:43:00,2025-01-13 13:44:00,2025-01-13 13:50:00,2025-01-13 13:51:00,2025-01-13 23:34:00,2025-01-13 23:41:00,00:07,40.0,-7.2608289,112.7109621,level4_kelurahan
34,2025-01-13,Jl. Lidah Wetan,Lakarsantri,Lidah Kulon,Surabaya Barat,Genangan,Genangan = ± 5 cm,2025-01-13 13:43:00,2025-01-13 13:44:00,2025-01-13 13:50:00,2025-01-13 13:51:00,2025-01-13 23:34:00,2025-01-13 23:41:00,00:07,5.0,-7.304845,112.6619594,level1_full
35,2025-01-13,Jl. Asem Mulya ( depan Alfamidi ),Asem Rowo,Asem Rowo,Surabaya Barat,Genangan,Genangan = ± 5 cm,2025-01-13 13:43:00,2025-01-13 13:44:00,2025-01-13 13:50:00,2025-01-13 13:51:00,2025-01-13 23:34:00,2025-01-13 23:41:00,00:07,5.0,-7.2434243,112.7034273,level4_kelurahan
36,2025-01-13,Jl. Candi Lontar - Jl.Candi Lempung,Sambikerep,Lontar,Surabaya Barat,Genangan,Genangan = ± 5  s/d 7 cm,2025-01-13 13:43:00,2025-01-13 13:44:00,2025-01-13 13:50:00,2025-01-13 13:51:00,2025-01-13 23:34:00,2025-01-23 23:41:00,00:07,7.0,-7.2782064,112.6684446,level4_kelurahan
37,2025-01-13,Jl. Mayjend Jonosewojo,Dukuh Pakis,Pradah Kalikendal,Surabaya Selatan,Genangan,Genangan = ± 10 cm,2025-01-13 13:43:00,2025-01-13 13:44:00,2025-01-13 13:50:00,2025-01-13 13:51:00,2025-01-13 23:34:00,2025-01-13 23:41:00,00:07,10.0,-7.2885936,112.6861431,level4_kelurahan
38,2025-01-13,Jl. Raya Darmo Permai (depan  SCTV),Sukomanunggal,Sonokwijenan,Surabaya Barat,Genangan,Genangan = ± 10 cm,2025-01-13 13:43:00,2025-01-13 13:44:00,2025-01-13 13:50:00,2025-01-13 13:51:00,2025-01-13 23:34:00,2025-01-13 23:41:00,00:07,10.0,-7.2798775,112.6993551,level4_kelurahan
39,2025-01-15,Jl. Kalilom Baru Gg 1,Kenjeran,Tanah Kali Kedinding,Surabaya Utara,Genangan,Genangan = ± 10cm,2025-01-15 12:54:00,2025-01-15 12:55:00,2025-01-15 13:01:00,2025-01-15 13:02:00,2025-01-15 15:25:00,2025-01-15 15:32:00,00:07,10.0,-7.2270788,112.7755054,level4_kelurahan
40,2025-01-20,Jl. Teluk Betung,Pabean Cantian,Perak Utara,Surabaya Utara,Genangan,Genangan = ± 15cm,2025-01-20 19:19:00,2025-01-20 19:20:00,2025-01-20 19:26:00,2025-01-20 19:27:00,2025-01-21 04:15:00,2025-01-21 04:22:00,00:07,15.0,-7.2141232,112.7295661,level1_full
41,2025-01-21,Tambak Sarioso,Asem Rowo,Tambak Sarioso,Surabaya Barat,Genangan,Genangan = ± 30 cm,2025-01-21 06:05:00,2025-01-21 06:10:00,2025-01-21 06:12:00,2025-01-21 06:13:00,,2025-01-21 14:01:00,00:07,30.0,-7.2248163,112.6639847,level1_full
42,2025-01-21,Kalilom Lor Baru,Kenjeran,Tanah Kali Kedinding,Surabaya Utara,Genangan,Genangan = ± 25 cm,2025-01-21 06:05:00,2025-01-21 06:06:00,2025-01-21 06:12:00,2025-01-21 06:13:00,2025-01-21 13:54:00,2025-01-21 14:21:00,00:07,25.0,-7.2323978,112.7701838,level1_full
43,2025-01-26,Teluk Betung,Pabean Cantian,Perak Utara,Surabaya Utara,Genangan,Genangan : 15 cm,2025-01-26 07:32:00,2025-01-26 07:33:00,2025-01-26 07:39:00,2025-01-26 07:40:00,2025-01-26 18:47:00,2025-01-26 18:54:00,00:07,15.0,-7.2140538,112.7288097,level1_full
44,2025-01-26,Tambak Asri Utara,Krembangan,Morokrembangan,Surabaya Utara,Genangan,Genangan : 15 cm,2025-01-26 07:32:00,2025-01-26 07:33:00,2025-01-26 07:39:00,2025-01-26 07:40:00,2025-01-26 18:47:00,2025-01-26 18:54:00,00:07,15.0,-7.2281143,112.7163129,level4_kelurahan
45,2025-01-26,Tambak Mayor,Asem Rowo,Asem Rowo,Surabaya Barat,Genangan,Genangan : 30 cm,2025-01-26 07:32:00,2025-01-26 07:33:00,2025-01-26 07:39:00,2025-01-26 07:40:00,2025-01-26 18:47:00,2025-01-26 18:54:00,00:07,30.0,-7.2530219,112.7038282,level1_full
46,2025-01-27,Rusun Romokalisari,Benowo,Tambak Oso Wilangun,Surabaya Barat,Genangan,Genangan : 20 cm,2025-01-27 07:32:00,2025-01-27 07:33:00,2025-01-27 07:39:00,2025-01-27 07:40:00,2025-01-27 16:02:00,2025-01-27 16:09:00,00:07,20.0,-7.2002126,112.6573267,level1_full
47,2025-02-02,Jl. Margomulyo Indah,Tandes,Tandes,Surabaya Barat,Genangan,Genangan : 15 cm,2025-02-02 11:17:00,2025-02-02 11:18:00,2025-02-02 11:24:00,2025-02-02 11:25:00,2025-02-02 12:13:00,2025-02-02 12:20:00,00:07,15.0,-7.2496642,112.6793852,level1_full
48,2025-02-13,Jl. Teluk betung,Pabean Cantian,Perak Utara,Surabaya Utara,Genangan,Genangan : ± 10cm,2025-02-13 14:18:00,2025-02-13 14:19:00,2025-02-13 14:25:00,2025-02-13 14:26:00,2025-02-13 19:47:00,2025-02-13 19:54:00,00:07,10.0,-7.2140538,112.7288097,level1_full
49,2025-02-13,Kelurahan Putat Jaya,Sawahan,Putat Jaya,Surabaya Selatan,Genangan,Genangan : 25 cm,2025-02-13 14:18:00,2025-02-13 14:19:00,2025-02-13 14:25:00,2025-02-13 14:26:00,2025-02-13 19:47:00,2025-02-13 19:54:00,00:07,25.0,-7.2802867,112.7174409,level1_full
50,2025-02-13,Jl.Pandugo,Rungkut,Penjaringansari,Surabaya Timur,Genangan,Genangan : ± 20 cm,2025-02-13 14:18:00,2025-02-13 14:19:00,2025-02-13 14:25:00,2025-02-13 14:26:00,2025-02-13 19:47:00,2025-02-13 19:54:00,00:07,20.0,-7.3188152,112.7894082,level1_full
51,2025-02-13,RS Ubaya,Tenggilis Mejoyo,Panjang Jiwo,Surabaya Timur,Genangan,Genangan : ± 20 cm,2025-02-13 14:18:00,2025-02-13 14:19:00,2025-02-13 14:25:00,2025-02-13 14:26:00,2025-02-13 19:47:00,2025-02-13 19:54:00,00:07,20.0,-7.3121667,112.7614965,level4_kelurahan
52,2025-02-13,Jl.Tenggilis Mejoyo,Tenggilis Mejoyo,Panjang Jiwo,Surabaya Timur,Genangan,Genangan : ± 10 cm,2025-02-13 14:18:00,2025-02-13 14:19:00,2025-02-13 14:25:00,2025-02-13 14:26:00,2025-02-13 19:47:00,2025-02-13 19:54:00,00:07,10.0,-7.3164435,112.7542565,level1_full
53,2025-02-13,AWS Intan Semampir,Sukolilo,Medokan Semampir,Surabaya Timur,Genangan,Genangan : ± 10 cm,2025-02-13 14:18:00,2025-02-13 14:19:00,2025-02-13 14:25:00,2025-02-13 14:26:00,2025-02-13 19:47:00,2025-02-13 19:54:00,00:07,10.0,-7.3094,112.775545,level1_full
54,2025-02-13,Jl. Cokroaminoto,Tegalsari,Dr. Soetomo,Surabaya Pusat,Genangan,Genangan : ± 10 cm,2025-02-13 14:18:00,2025-02-13 14:19:00,2025-02-13 14:25:00,2025-02-13 14:26:00,2025-02-13 19:47:00,2025-02-13 19:54:00,00:07,10.0,-7.2782165,112.7389915,level1_full
55,2025-02-13,Jl. Petemon,Sawahan,Petemon,Surabaya Selatan,Genangan,Genangan : ± 5cm,2025-02-13 14:18:00,2025-02-13 14:19:00,2025-02-13 14:25:00,2025-02-13 14:26:00,2025-02-13 19:47:00,2025-02-13 19:54:00,00:07,5.0,-7.2620251,112.7189625,level1_full
56,2025-02-13,Jl. Ngagel Gereja SMTB,Gubeng,Baratajaya,Surabaya Timur,Genangan,Genangan : ± 15 cm,2025-02-13 14:18:00,2025-02-13 14:19:00,2025-02-13 14:25:00,2025-02-13 14:26:00,2025-02-13 19:47:00,2025-02-13 19:54:00,00:07,15.0,-7.2960594,112.7594578,level4_kelurahan
57,2025-02-13,SMP 12,Wonokromo,Ngagel Rejo,Surabaya Selatan,Genangan,Genangan : ± 15 cm,2025-02-13 14:18:00,2025-02-13 14:19:00,2025-02-13 14:25:00,2025-02-13 14:26:00,2025-02-13 19:47:00,2025-02-13 19:54:00,00:07,15.0,-7.2974373,112.7441427,level1_full
58,2025-02-13,Gayungsari Barat,Gayungan,Gayungan,Surabaya Selatan,Genangan,Genangan : ± 15 cm,2025-02-13 14:18:00,2025-02-13 14:19:00,2025-02-13 14:25:00,2025-02-13 14:26:00,2025-02-13 19:47:00,2025-02-13 19:54:00,00:07,15.0,-7.3375723,112.7195608,level1_full
59,2025-02-13,Ketintang Madya,Gayungan,Ketintang,Surabaya Selatan,Genangan,Genangan : ± 25 cm,2025-02-13 14:18:00,2025-02-13 14:19:00,2025-02-13 14:25:00,2025-02-13 14:26:00,2025-02-13 19:47:00,2025-02-13 19:54:00,00:07,25.0,-7.3121646,112.7239167,level1_full
60,2025-02-13,SWK Ketintang,Gayungan,Ketintang,Surabaya Selatan,Genangan,Genangan : ± 5 cm,2025-02-13 14:18:00,2025-02-13 14:19:00,2025-02-13 14:25:00,2025-02-13 14:26:00,2025-02-13 19:47:00,2025-02-13 19:54:00,00:07,5.0,-7.3167838,112.7291732,level4_kelurahan
61,2025-02-13,Jl. Manukan Lor,Tandes,Manukan Kulon,Surabaya Barat,Genangan,Genangan : ± 20 cm,2025-02-13 14:18:00,2025-02-13 14:19:00,2025-02-13 14:25:00,2025-02-13 14:26:00,2025-02-13 19:47:00,2025-02-13 19:54:00,00:07,20.0,-7.2600542,112.6618372,level1_full
62,2025-02-13,Jl. Wisma Tengger,Benowo,Kandangan,Surabaya Barat,Genangan,Genangan : ± 30cm,2025-02-13 14:18:00,2025-02-13 14:19:00,2025-02-13 14:25:00,2025-02-13 14:26:00,2025-02-13 19:47:00,2025-02-13 19:54:00,00:07,30.0,-7.2625269,112.6565116,level1_full
63,2025-02-13,Jl. Raya Rungkut Menanggal,Gunung Anyar,Rungkut Menanggal,Surabaya Timur,Genangan,Genangan : ± 10 cm,2025-02-13 14:18:00,2025-02-13 14:19:00,2025-02-13 14:25:00,2025-02-13 14:26:00,2025-02-13 19:47:00,2025-02-13 19:54:00,00:07,10.0,-7.3379405,112.7723541,level1_full
64,2025-02-13,Jl. Rungkut Menanggal Harapan,Gunung Anyar,Rungkut Menanggal,Surabaya Timur,Genangan,Genangan : ± 10cm,2025-02-13 14:18:00,2025-02-13 14:19:00,2025-02-13 14:25:00,2025-02-13 14:26:00,2025-02-13 19:47:00,2025-02-13 19:54:00,00:07,10.0,-7.3381011,112.7680711,level4_kelurahan
65,2025-02-13,Graha Family,Wiyung,Jajar Tunggal,Surabaya Selatan,Genangan,Genangan : ± 50 cm,2025-02-13 14:18:00,2025-02-13 14:19:00,2025-02-13 14:25:00,2025-02-13 14:26:00,2025-02-13 19:47:00,2025-02-13 19:54:00,00:07,50.0,-7.2930776,112.6759437,level2_no_kel
66,2025-02-13,Jl. Margorejo,Wonocolo,Margorejo,Surabaya Selatan,Genangan,Genangan : ± 5 cm,2025-02-13 14:18:00,2025-02-13 14:19:00,2025-02-13 14:25:00,2025-02-13 14:26:00,2025-02-13 19:47:00,2025-02-13 19:54:00,00:07,5.0,-7.3157212,112.7473464,level1_full
67,2025-02-13,Jl. Semolowaru Elok Blok M,Sukolilo,Semolowaru,Surabaya Timur,Genangan,Genangan : ± 10cm,2025-02-13 14:18:00,2025-02-13 14:19:00,2025-02-13 14:25:00,2025-02-13 14:26:00,2025-02-13 19:47:00,2025-02-13 19:54:00,00:07,10.0,-7.3004075,112.7812994,level4_kelurahan
68,2025-02-20,Gereja SMTB,Gubeng,Baratajaya,Surabaya Timur,Genangan,Genangan : ± 10 cm,2025-02-20 16:48:00,2025-02-20 16:49:00,2025-02-20 16:54:00,2025-02-20 16:55:00,2025-02-20 19:58:00,2025-02-20 20:04:00,00:06,10.0,-7.2889791,112.7602304,level1_full
69,2025-02-20,SMP 12,Wonokromo,Ngagel Rejo,Surabaya Selatan,Genangan,Genangan : ± 20 cm,2025-02-20 16:48:00,2025-02-20 16:49:00,2025-02-20 16:54:00,2025-02-20 16:55:00,2025-02-20 19:58:00,2025-02-20 20:04:00,00:06,20.0,-7.2974373,112.7441427,level1_full
70,2025-02-20,AWS Intan Semampir,Sukolilo,Medokan Semampir,Surabaya Timur,Genangan,Genangan : ± 10 cm,2025-02-20 16:48:00,2025-02-20 16:49:00,2025-02-20 16:54:00,2025-02-20 16:55:00,2025-02-20 19:58:00,2025-02-20 20:04:00,00:06,10.0,-7.3094,112.775545,level1_full
71,2025-02-23,Graha family,Wiyung,Jajar Tunggal,Surabaya Selatan,Genangan,Genangan : ± 15 cm,2025-02-23 17:50:00,2025-02-23 17:51:00,2025-02-23 17:57:00,2025-02-23 17:58:00,2025-02-23 20:15:00,2025-02-23 20:22:00,00:07,15.0,-7.2930776,112.6759437,level2_no_kel
72,2025-02-23,Jl.Wisma tengger,Benowo,Kandangan,Surabaya Barat,Genangan,Genangan : ± 10 cm,2025-02-23 17:50:00,2025-02-23 17:51:00,2025-02-23 17:57:00,2025-02-23 17:58:00,2025-02-23 21:05:00,2025-02-23 21:12:00,00:07,10.0,-7.2625269,112.6565116,level1_full
73,2025-02-23,Jl.Karang empat Timur Gg II,Mulyorejo,Mulyorejo,Surabaya Timur,Genangan,Genangan : ± 15 cm,2025-02-23 17:50:00,2025-02-23 17:51:00,2025-02-23 17:57:00,2025-02-23 17:58:00,2025-02-23 23:26:00,2025-02-23 23:33:00,00:07,15.0,-7.2683247,112.7800496,level4_kelurahan
74,2025-02-23,Jl.Teluk Buli,Pabean Cantian,Perak Utara,Surabaya Utara,Genangan,Genangan : ± 10 cm,2025-02-23 17:50:00,2025-02-23 17:51:00,2025-02-23 17:57:00,2025-02-23 17:58:00,2025-02-23 23:56:00,2025-02-24 00:03:00,00:07,10.0,-7.2189924,112.731312,level1_full
75,2025-02-25,"Jl. Dukuh Kupang (Depan Kel, Putat Jaya)",Dukuh Pakis,Dukuh Kupang,Surabaya Selatan,Genangan,Genangan : 15 cm,2025-02-25 15:35:00,2025-02-25 15:36:00,2025-02-25 15:42:00,2025-02-25 15:43:00,2025-02-25 20:10:00,2025-02-25 20:17:00,00:07,15.0,-7.281807,112.7099956,level4_kelurahan
76,2025-02-25,Jl. Raya Kedung Baruk,Rungkut,Kedung Baruk,Surabaya Timur,Genangan,Genangan : ± 35 cm,2025-02-25 21:49:00,2025-02-25 21:50:00,2025-02-25 21:56:00,2025-02-25 21:57:00,2025-02-26 04:36:00,2025-02-26 04:43:00,00:07,35.0,-7.3103564,112.7708691,level1_full
77,2025-02-28,Jl. Gayungsari Barat,Gayungan,Gayungan,Surabaya Selatan,Genangan,Genangan : 10 cm,2025-02-28 16:41:00,2025-02-28 16:42:00,2025-02-28 16:47:00,2025-02-28 16:48:00,2025-03-01 00:31:00,2025-03-01 00:37:00,00:06,10.0,-7.3322774,112.7198854,level1_full
78,2025-03-07,Jl. Gayungsari Barat,Gayungan,Gayungan,Surabaya Selatan,Genangan,Genangan : ± 20 - 30 cm,2025-03-07 15:08:00,2025-03-07 15:09:00,2025-03-07 15:11:00,2025-03-07 15:12:00,2025-03-07 17:46:00,2025-03-07 17:49:00,00:03,30.0,-7.3322774,112.7198854,level1_full
79,2025-03-07,Panjang Jiwo,Tenggilis Mejoyo,Panjang Jiwo,Surabaya Timur,Genangan,Genangan : ± 10-15cm,2025-03-07 15:08:00,2025-03-07 15:09:00,2025-03-07 15:11:00,2025-03-07 15:12:00,2025-03-07 17:46:00,2025-03-07 17:49:00,00:03,15.0,-7.3127296,112.7645605,level1_full
80,2025-03-07,Rumah Pompa AWS,Jambangan,Kebonsari,Surabaya Selatan,Genangan,Genangan : ± 10cm,2025-03-07 18:44:00,2025-03-07 18:45:00,2025-03-07 18:50:00,2025-03-07 18:51:00,2025-03-08 01:45:00,2025-03-08 01:51:00,00:06,10.0,-7.3265821,112.7149118,level4_kelurahan
81,2025-03-07,Depan RS.Ubaya,Tenggilis Mejoyo,Panjang Jiwo,Surabaya Timur,Genangan,Genangan : ± 10cm,2025-03-07 18:44:00,2025-03-07 18:45:00,2025-03-07 18:50:00,2025-03-07 18:51:00,2025-03-08 01:45:00,2025-03-08 01:51:00,00:06,10.0,-7.3121667,112.7614965,level4_kelurahan
82,2025-03-07,Jl. Siwalankerto (PKM),Wonocolo,Siwalankerto,Surabaya Selatan,Genangan,Genangan : ± 5 cm,2025-03-07 18:44:00,2025-03-07 18:45:00,2025-03-07 18:50:00,2025-03-07 18:51:00,2025-03-08 01:45:00,2025-03-08 01:51:00,00:06,5.0,-7.3356142,112.7359922,level4_kelurahan
83,2025-03-07,Jl. Siwalankerto (High Point),Wonocolo,Siwalankerto,Surabaya Selatan,Genangan,Genangan : ± 3cm,2025-03-07 18:44:00,2025-03-07 18:45:00,2025-03-07 18:50:00,2025-03-07 18:51:00,2025-03-08 01:45:00,2025-03-08 01:51:00,00:06,3.0,-7.3356142,112.7359922,level4_kelurahan
84,2025-03-07,Jl. Ketintang Madya(Rumah Pompa Dongfeng),Gayungan,Ketintang,Surabaya Selatan,Genangan,Genangan : ± 3cm,2025-03-07 18:44:00,2025-03-07 18:45:00,2025-03-07 18:50:00,2025-03-07 18:51:00,2025-03-08 01:45:00,2025-03-08 01:51:00,00:06,3.0,-7.3167838,112.7291732,level4_kelurahan
85,2025-03-07,Jl. Tenggilis Mejoyo,Tenggilis Mejoyo,Tenggilis Mejoyo,Surabaya Timur,Genangan,Genangan : ±2 cm,2025-03-07 18:44:00,2025-03-07 18:45:00,2025-03-07 18:50:00,2025-03-07 18:51:00,2025-03-08 01:45:00,2025-03-08 01:50:00,00:06,2.0,-7.3198073,112.7569099,level1_full
86,2025-03-07,Jl. Margorejo Indah (Rumah Pak Wagub),Wonocolo,Bendul Merisi,Surabaya Selatan,Genangan,Genangan : ± 10-15 cm,2025-03-07 18:44:00,2025-03-07 18:45:00,2025-03-07 18:50:00,2025-03-07 18:51:00,2025-03-08 01:45:00,2025-03-08 01:51:00,00:06,15.0,-7.310416,112.7428773,level4_kelurahan
87,2025-03-07,Wisma Tengger,Benowo,Kandangan,Surabaya Barat,Genangan,Genangan : ± 60cm,2025-03-07 18:44:00,2025-03-07 18:45:00,2025-03-07 18:50:00,2025-03-07 18:51:00,2025-03-08 01:45:00,2025-03-08 01:50:00,00:06,60.0,-7.2625269,112.6565116,level1_full
88,2025-03-07,Jl. Manukan Lor,Tandes,Manukan Kulon,Surabaya Barat,Genangan,Genangan : ± 30cm,2025-03-07 18:44:00,2025-03-07 18:45:00,2025-03-07 18:50:00,2025-03-07 18:51:00,2025-03-08 01:44:00,2025-03-08 01:50:00,00:06,30.0,-7.2600542,112.6618372,level1_full
89,2025-03-07,Jl. Manukan Lor II no.31 (Rumah),Tandes,Manukan Kulon,Surabaya Barat,Genangan,Genangan : ± 20cm,2025-03-07 18:44:00,2025-03-07 18:45:00,2025-03-07 18:50:00,2025-03-07 18:51:00,2025-03-08 01:45:00,2025-03-08 01:51:00,00:06,20.0,-7.2600153,112.6664211,level4_kelurahan
90,2025-03-07,Jl. Tenggilis Timur VI / 36 - Blok CC,Tenggilis Mejoyo,Tenggilis Mejoyo,Surabaya Timur,Genangan,Genangan : ± 20cm,2025-03-07 18:44:00,2025-03-07 18:45:00,2025-03-07 18:50:00,2025-03-07 18:51:00,2025-03-08 01:45:00,2025-03-08 01:51:00,00:06,20.0,-7.3198073,112.7569099,level4_kelurahan
91,2025-03-07,Jl. Balong Sari Tama,Tandes,Balongsari,Surabaya Barat,Genangan,Genangan : ± 30cm,2025-03-07 18:44:00,2025-03-07 18:45:00,2025-03-07 18:50:00,2025-03-07 18:51:00,2025-03-08 01:45:00,2025-03-08 01:51:00,00:06,30.0,-7.2516604,112.6796715,level4_kelurahan
92,2025-03-09,Jl.Kemlaten VIII,Karang Pilang,Kebraon,Surabaya Selatan,Genangan,Genangan : ± 15 cm,2025-03-09 12:07:00,2025-03-09 12:08:00,2025-03-09 12:14:00,2025-03-09 12:15:00,2025-03-09 14:06:00,2025-03-09 14:13:00,00:07,15.0,-7.3313538,112.7056624,level1_full
93,2025-03-09,Gg Teratai RT 3 RW 1 ( Kecamatan Karang pilang ),Karang Pilang,Waru Gunung,Surabaya Selatan,Genangan,Genangan : ± 20 cm,2025-03-09 12:07:00,2025-03-09 12:08:00,2025-03-09 12:14:00,2025-03-09 12:15:00,2025-03-09 14:06:00,2025-03-09 14:13:00,00:07,20.0,-7.3503716,112.673424,level4_kelurahan
94,2025-03-09,Jl.Gayungsari barat,Gayungan,Gayungan,Surabaya Selatan,Genangan,Genangan : ± 10 cm,2025-03-09 12:07:00,2025-03-09 12:08:00,2025-03-09 12:14:00,2025-03-09 12:15:00,2025-03-09 14:06:00,2025-03-09 14:13:00,00:07,10.0,-7.3357096,112.7193312,level1_full
95,2025-03-09,PT.Loka Jl.Raya Mastrip,Karang Pilang,Karang Pilang,Surabaya Selatan,Genangan,Genangan : ±10 cm,2025-03-09 12:07:00,2025-03-09 12:08:00,2025-03-09 12:14:00,2025-03-09 12:15:00,2025-03-09 14:06:00,2025-03-09 14:13:00,00:07,10.0,-7.3389592,112.6899507,level4_kelurahan
96,2025-03-13,Graha Family,Dukuh Pakis,Dukuh Pakis,Surabaya Selatan,Genangan,Genangan : ± 20 Cm,2025-03-13 17:42:00,2025-03-13 17:43:00,2025-03-13 17:49:00,2025-03-13 17:50:00,2025-03-13 20:35:00,2025-03-13 20:42:00,00:07,20.0,-7.2932578,112.677396,level1_full
97,2025-03-13,Jl. Kemlaten Gg.8,Karang Pilang,Kebraon,Surabaya Selatan,Genangan,Genangan : ± 15 Cm,2025-03-13 17:42:00,2025-03-13 17:43:00,2025-03-13 17:49:00,2025-03-13 17:50:00,2025-03-13 20:35:00,2025-03-13 20:42:00,00:07,15.0,-7.3296178,112.7004257,level4_kelurahan
98,2025-03-13,Jl. Gayungsari Barat,Gayungan,Gayungan,Surabaya Selatan,Genangan,Genangan : ± 25 Cm,2025-03-13 17:42:00,2025-03-13 17:43:00,2025-03-13 17:49:00,2025-03-13 17:50:00,2025-03-13 20:35:00,2025-03-13 20:42:00,00:07,25.0,-7.3322774,112.7198854,level1_full
99,2025-03-14,Jl. Wisma Tengger,Benowo,Kandangan,Surabaya Barat,Genangan,Genangan : 70 cm,2025-03-14 10:38:00,2025-03-14 10:39:00,2025-03-14 10:45:00,2025-03-14 10:46:00,2025-03-14 18:24:00,2025-03-14 18:31:00,00:07,70.0,-7.2625269,112.6565116,level1_full
100,2025-03-14,Kel Putat Jaya,Sawahan,Putat Jaya,Surabaya Selatan,Genangan,Genangan : 15 cm,2025-03-14 10:38:00,2025-03-14 10:39:00,2025-03-14 10:45:00,2025-03-14 10:46:00,2025-03-14 18:24:00,2025-03-14 18:31:00,00:07,15.0,-7.2766812,112.7163307,level4_kelurahan
101,2025-03-14,Jl. Manukan Lor,Tandes,Manukan Kulon,Surabaya Barat,Genangan,Genangan : 60 cm,2025-03-14 10:38:00,2025-03-14 10:39:00,2025-03-14 10:45:00,2025-03-14 10:46:00,2025-03-14 18:24:00,2025-03-14 18:31:00,00:07,60.0,-7.2600542,112.6618372,level1_full
102,2025-03-14,Jl. Simo Magersari,Sawahan,Kupang Krajan,Surabaya Selatan,Genangan,Genangan : 15 cm,2025-03-14 10:38:00,2025-03-14 10:39:00,2025-03-14 10:45:00,2025-03-14 10:46:00,2025-03-14 18:24:00,2025-03-14 18:31:00,00:07,15.0,-7.2681167,112.7126381,level1_full
103,2025-03-14,Jl. Simo Hilir,Sukomanunggal,Simomulyo,Surabaya Barat,Genangan,Genangan : 60 cm,2025-03-14 10:38:00,2025-03-14 10:39:00,2025-03-14 10:45:00,2025-03-14 10:46:00,2025-03-14 18:24:00,2025-03-14 18:31:00,00:07,60.0,-7.2722452,112.7056594,level1_full
104,2025-03-14,Rs Mitra Keluarga Darmo,Sukomanunggal,Tanjungsari,Surabaya Barat,Genangan,Genangan : 30 cm,2025-03-14 10:38:00,2025-03-14 10:39:00,2025-03-14 10:45:00,2025-03-14 10:46:00,2025-03-14 18:24:00,2025-03-14 18:31:00,00:07,30.0,-7.2659721,112.6916819,level4_kelurahan
105,2025-03-14,Sekolah Elion,Sukomanunggal,Sukomanunggal,Surabaya Barat,Genangan,Genangan : 15 cm,2025-03-14 10:38:00,2025-03-14 10:39:00,2025-03-14 10:45:00,2025-03-14 10:46:00,2025-03-14 18:24:00,2025-03-14 18:31:00,00:07,15.0,-7.2617671,112.6973817,level4_kelurahan
106,2025-03-14,Jl. Bumi Indah,Pakal,Pakal,Surabaya Barat,Genangan,Genangan : 15 cm,2025-03-14 10:38:00,2025-03-14 10:39:00,2025-03-14 10:45:00,2025-03-14 10:46:00,2025-03-14 18:24:00,2025-03-14 18:31:00,00:07,15.0,-7.2331219,112.6108549,level1_full
107,2025-03-14,Jl.Raya Satelit ( rs Mitra ),Sukomanunggal,Sukomanunggal,Surabaya Barat,Genangan,Genangan : 10 cm,2025-03-14 10:38:00,2025-03-14 10:39:00,2025-03-14 10:45:00,2025-03-14 10:46:00,2025-03-14 18:24:00,2025-03-14 18:31:00,00:07,10.0,-7.2617671,112.6973817,level4_kelurahan
108,2025-03-14,Jl. Donowati,Sukomanunggal,Sukomanunggal,Surabaya Barat,Genangan,Genangan : 40 - 50cm,2025-03-14 10:38:00,2025-03-14 10:39:00,2025-03-14 10:45:00,2025-03-14 10:46:00,2025-03-14 18:24:00,2025-03-14 18:31:00,00:07,50.0,-7.2660299,112.6981759,level1_full
109,2025-03-14,Kampus POLITEKNIK PERKAPALAN NEGERI SURABAYA. (Jl. Teknik Kimia),Sukolilo,Keputih,Surabaya Timur,Genangan,"Jenis Tawon : Tawon Vespa
Panjang : ±15cm
Diameter : ±10 cm",2025-03-14 20:24:00,2025-03-14 20:25:00,2025-03-14 20:30:00,2025-03-14 20:31:00,2025-03-14 21:00:00,2025-03-14 21:06:00,00:06,15.0,-7.295096,112.7927717,level4_kelurahan
110,2025-03-15,Kel Putat jaya,Sawahan,Putat Jaya,Surabaya Selatan,Genangan,Genangan : 15 cm,2025-03-15 12:38:00,2025-03-15 12:39:00,2025-03-15 12:45:00,2025-03-15 12:45:00,2025-03-15 13:30:00,2025-03-15 13:37:00,00:07,15.0,-7.2766812,112.7163307,level4_kelurahan
111,2025-03-15,Jl. Wisma Tengger,Benowo,Kandangan,Surabaya Barat,Genangan,Genangan :± 60-80 cm,2025-03-15 17:14:00,2025-03-15 17:15:00,2025-03-15 17:21:00,2025-03-15 17:22:00,2025-03-16 03:15:00,2025-03-16 03:22:00,00:07,80.0,-7.2625269,112.6565116,level1_full
112,2025-03-15,Jl. Raya Satelit Indah (RS.Mitra Keluarga),Sukomanunggal,Tanjungsari,Surabaya Barat,Genangan,Genangan : ± 5 cm,2025-03-15 17:14:00,2025-03-15 17:15:00,2025-03-15 17:21:00,2025-03-15 17:22:00,2025-03-16 03:15:00,2025-03-16 03:22:00,00:07,5.0,-7.2659721,112.6916819,level4_kelurahan
113,2025-03-15,Jl. Manukan Lor Gg 2,Tandes,Manukan Kulon,Surabaya Barat,Genangan,Genangan : ± 20 cm,2025-03-15 17:14:00,2025-03-15 17:15:00,2025-03-15 17:21:00,2025-03-15 17:22:00,2025-03-16 03:15:00,2025-03-16 03:22:00,00:07,20.0,-7.2600153,112.6664211,level4_kelurahan
114,2025-03-15,Jl. Balongsari Tama Tengah,Tandes,Balongsari,Surabaya Barat,Genangan,Genangan : ± 20 cm,2025-03-15 17:14:00,2025-03-15 17:15:00,2025-03-15 17:21:00,2025-03-15 17:22:00,2025-03-16 03:15:00,2025-03-16 03:22:00,00:07,20.0,-7.2516604,112.6796715,level4_kelurahan
115,2025-03-15,Jl. Sememi Jaya Selatan Gg. 2B,Benowo,Sememi,Surabaya Barat,Genangan,Genangan : ± 50-80 cm,2025-03-15 17:14:00,2025-03-15 17:15:00,2025-03-15 17:21:00,2025-03-15 17:22:00,2025-03-16 03:15:00,2025-03-16 03:22:00,00:07,80.0,-7.2465629,112.6420176,level4_kelurahan
116,2025-03-15,Aspol Bangkingan,Lakarsantri,Bangkingan,Surabaya Barat,Genangan,Genangan : ± 10-15 cm,2025-03-15 17:14:00,2025-03-15 17:15:00,2025-03-15 17:21:00,2025-03-15 17:22:00,2025-03-16 03:15:00,2025-03-16 03:21:00,00:07,15.0,-7.3228277,112.6572924,level4_kelurahan
117,2025-03-15,Stasiun Kandangan,Tandes,Banjar Sugihan,Surabaya Barat,Genangan,Genangan : ± 10 cm - luapan sungai,2025-03-15 17:14:00,2025-03-15 17:15:00,2025-03-15 17:21:00,2025-03-15 17:22:00,2025-03-16 03:15:00,2025-03-16 03:22:00,00:07,10.0,-7.2512501,112.6582517,level1_full
118,2025-03-15,Jl. Raci (Pasar Benowo),Pakal,Benowo,Surabaya Barat,Genangan,± 10 cm (Luapan Sungai),2025-03-15 17:14:00,2025-03-15 17:15:00,2025-03-15 17:21:00,2025-03-15 17:22:00,2025-03-16 03:15:00,2025-03-16 03:22:00,00:07,10.0,-7.2339099,112.6152676,level4_kelurahan
119,2025-03-16,Jl. Karangpilang Gg. Teratai,Karang Pilang,Karang Pilang,Surabaya Selatan,Genangan,Genangan :± 20 cm,2025-03-16 16:52:00,2025-03-16 16:53:00,2025-03-16 16:59:00,2025-03-16 17:00:00,2025-03-16 18:31:00,2025-03-16 18:37:00,00:07,20.0,-7.3389592,112.6899507,level4_kelurahan
120,2025-03-17,Jl Banjarsugihan No 11,Tandes,Banjar Sugihan,Surabaya Barat,Genangan,Genangan : ± 30cm,2025-03-17 06:30:00,2025-03-17 06:31:00,2025-03-17 06:34:00,2025-03-17 06:35:00,2025-03-17 14:15:00,2025-03-17 14:19:00,00:04,30.0,-7.2526092,112.659658,level4_kelurahan
121,2025-03-29,Jl. Teluk Betung,Pabean Cantian,Perak Utara,Surabaya Utara,Genangan,Genangan : ± 5 cm,2025-03-29 19:04:00,2025-03-29 19:05:00,2025-03-29 19:10:00,2025-03-29 19:11:00,2025-03-29 22:10:00,2025-03-29 22:16:00,00:06,5.0,-7.2141232,112.7295661,level1_full
122,2025-04-05,Jl. Ngagel Kebonsari (SMP12),Wonokromo,Ngagel Rejo,Surabaya Selatan,Genangan,Genangan : ± 10 cm,2025-04-05 13:52:00,2025-04-05 13:53:00,2025-04-05 13:59:00,2025-04-05 14:00:00,2025-04-05 16:15:00,2025-04-05 16:22:00,00:07,10.0,-7.2978653,112.7492322,level4_kelurahan
123,2025-04-05,Jl. Ngagel Madya (Gereja SMTB),Gubeng,Baratajaya,Surabaya Timur,Genangan,Genangan : ± 10-12 cm,2025-04-05 13:52:00,2025-04-05 13:53:00,2025-04-05 13:59:00,2025-04-05 14:00:00,2025-04-05 16:15:00,2025-04-05 16:22:00,00:07,12.0,-7.2960594,112.7594578,level4_kelurahan
124,2025-04-28,Little Sun Scholl - Jl. Manyar Kartika 48,Sukolilo,Menur Pumpungan,Surabaya Timur,Genangan,"Penyedotan Genangan Air Dalam Basement Sekolah

Luas Bangunan : ± 60m x 100m
Luas Basement  : ± 4m x 10m
ketinggian genangan : ± 1m",2025-04-28 09:36:00,2025-04-28 09:37:00,2025-04-28 09:43:00,2025-04-28 09:44:00,2025-04-28 13:45:00,2025-04-28 13:52:00,00:07,100.0,-7.2919238,112.7672637,level4_kelurahan
125,2025-05-11,Wisma Tengger,Benowo,Kandangan,Surabaya Barat,Genangan,Ketinggian  :  ± 10cm,2025-05-11 19:15:00,2025-05-11 19:16:00,2025-05-11 19:22:00,2025-05-11 19:23:00,2025-05-12 00:09:00,2025-05-12 00:16:00,00:07,10.0,-7.2625269,112.6565116,level1_full
126,2025-05-11,Gayungsari Barat,Gayungan,Gayungan,Surabaya Selatan,Genangan,Ketinggian :  ± 10cm,2025-05-11 19:15:00,2025-05-11 19:16:00,2025-05-11 19:22:00,2025-05-11 19:23:00,2025-05-12 00:09:00,2025-05-12 00:16:00,00:07,10.0,-7.3375723,112.7195608,level1_full
127,2025-05-11,RSIA Kendangsari,Tenggilis Mejoyo,Kendangsari,Surabaya Timur,Genangan,Ketinggian :  ± 10-14cm,2025-05-11 19:15:00,2025-05-11 19:16:00,2025-05-11 19:22:00,2025-05-11 19:23:00,2025-05-12 00:09:00,2025-05-12 00:16:00,00:07,14.0,-7.3253318,112.7455018,level1_full
128,2025-05-11,Jl. Ngagel Rejo Kidul - Ngagel Kebonsari - SMPN 12.,Wonokromo,Ngagel Rejo,Surabaya Selatan,Genangan,Ketinggian :  ± 14cm,2025-05-11 19:15:00,2025-05-11 19:16:00,2025-05-11 19:22:00,2025-05-11 19:23:00,2025-05-12 00:09:00,2025-05-12 00:16:00,00:07,14.0,-7.2978653,112.7492322,level4_kelurahan
129,2025-05-11,Jl. Medayu Utara,Rungkut,Wonorejo,Surabaya Timur,Genangan,Ketinggian :  ± 15cm,2025-05-11 19:15:00,2025-05-11 19:16:00,2025-05-11 19:22:00,2025-05-11 19:23:00,2025-05-12 00:09:00,2025-05-12 00:16:00,00:07,15.0,-7.3213649,112.7990177,level1_full
130,2025-05-12,Jl. Tambak langon RW 6,Asem Rowo,Tambak Langon,Surabaya Barat,Genangan,ketinggian genangan : ± 15 cm,2025-05-12 07:54:00,2025-05-12 07:55:00,2025-05-12 08:00:00,2025-05-12 08:01:00,2025-05-12 14:25:00,2025-05-12 14:31:00,00:06,15.0,-7.2262065,112.6651378,level4_kelurahan
131,2025-05-13,Jl. Wiguna Selatan VII,Gunung Anyar,Gunung Anyar Tambak,Surabaya Timur,Genangan,ketinggian genangan : ± 30 cm,2025-05-13 12:56:00,2025-05-13 12:57:00,2025-05-13 13:02:00,2025-05-13 13:03:00,2025-05-13 16:19:00,2025-05-13 16:25:00,00:06,30.0,-7.3398412,112.8112531,level4_kelurahan
132,2025-05-23,Rumah Pompa Graha Family,Wiyung,Jajar Tunggal,Surabaya Selatan,Genangan,Genangan  : ± 10cm,2025-05-23 09:47:00,2025-05-23 09:48:00,2025-05-23 09:54:00,2025-05-23 09:55:00,2025-05-23 10:42:00,2025-05-23 10:49:00,00:07,10.0,-7.3090046,112.7057276,level4_kelurahan
133,2025-05-23,Jl. Kauman (depan Masjid Darussholihin),Pakal,Benowo,Surabaya Barat,Genangan,Ketinggian Genangan : ± 15 cm,2025-05-23 15:14:00,2025-05-23 15:15:00,2025-05-23 15:21:00,2025-05-23 15:22:00,2025-05-23 18:35:00,2025-05-23 18:42:00,00:07,15.0,-7.2339099,112.6152676,level4_kelurahan
134,2025-10-22,Jl. Wisma Tengger,Benowo,Kandangan,Surabaya Barat,Genangan,Genangan  : ± 20cm(3 titik),2025-10-22 11:30:00,2025-10-22 11:31:00,2025-10-22 11:35:00,2025-10-22 11:36:00,2025-10-22 13:00:00,2025-10-22 13:05:00,00:05,20.0,-7.2625269,112.6565116,level1_full
135,2025-10-29,Jl. Wisma Tengger,Benowo,Kandangan,Surabaya Barat,Genangan,± 25 cm (penyedotan),2025-10-29 10:45:00,2025-10-29 10:46:00,2025-10-29 10:48:00,2025-10-29 10:49:00,2025-10-29 16:42:00,2025-10-29 16:45:00,00:03,25.0,-7.2625269,112.6565116,level1_full
136,2025-10-29,Jl. Ngagel Kebonsari (SMPN 12),Wonokromo,Ngagel Rejo,Surabaya Selatan,Genangan,± 25 cm (penyedotan),2025-10-29 10:45:00,2025-10-29 10:46:00,2025-10-29 10:48:00,2025-10-29 10:49:00,2025-10-29 16:42:00,2025-10-29 16:45:00,00:03,25.0,-7.2978653,112.7492322,level4_kelurahan
137,2025-10-29,Jl. Bung Tomo,Wonokromo,Ngagel,Surabaya Selatan,Genangan,± 20 cm (penyedotan),2025-10-29 10:45:00,2025-10-29 10:46:00,2025-10-29 10:48:00,2025-10-29 10:49:00,2025-10-29 16:42:00,2025-10-29 16:45:00,00:03,20.0,-7.2895792,112.7454712,level1_full
138,2025-10-29,Jl. Kedondong,Tegalsari,Tegalsari,Surabaya Pusat,Genangan,±7 cm (penyedotan),2025-10-29 10:45:00,2025-10-29 10:46:00,2025-10-29 10:48:00,2025-10-29 10:49:00,2025-10-29 16:42:00,2025-10-29 16:45:00,00:03,7.0,-7.27347,112.7390243,level1_full
139,2025-10-29,Jl. Prenggolan,Tegalsari,Tegalsari,Surabaya Pusat,Genangan,±15 cm (penyedotan),2025-10-29 10:45:00,2025-10-29 10:46:00,2025-10-29 10:48:00,2025-10-29 10:49:00,2025-10-29 16:42:00,2025-10-29 16:45:00,00:03,15.0,-7.2709683,112.7369761,level4_kelurahan
140,2025-10-29,Jl. Teluk Betung,Pabean Cantian,Perak Utara,Surabaya Utara,Genangan,±15 cm (penyedotan),2025-10-29 10:45:00,2025-10-29 10:46:00,2025-10-29 10:48:00,2025-10-29 10:49:00,2025-10-29 16:42:00,2025-10-29 16:45:00,00:03,15.0,-7.2141232,112.7295661,level1_full
141,2025-10-29,Jl. Srikana,Gubeng,Airlangga,Surabaya Timur,Genangan,±15 cm (penyedotan),2025-10-29 10:45:00,2025-10-29 10:46:00,2025-10-29 10:48:00,2025-10-29 10:49:00,2025-10-29 16:42:00,2025-10-29 16:45:00,00:03,15.0,-7.274123,112.758657,level1_full
142,2025-10-29,Jl. Kom. Pol M. Duryat,Tegalsari,Tegalsari,Surabaya Pusat,Genangan,± 10 cm (Penyedotan),2025-10-29 10:45:00,2025-10-29 10:46:00,2025-10-29 10:48:00,2025-10-29 10:49:00,2025-10-29 16:42:00,2025-10-29 16:45:00,00:03,10.0,-7.2709683,112.7369761,level4_kelurahan
143,2025-10-29,Jl. Kupang Baru Barat,Dukuh Pakis,Dukuh Kupang,Surabaya Selatan,Genangan,± 15 cm (Penyedotan),2025-10-29 10:45:00,2025-10-29 10:46:00,2025-10-29 10:48:00,2025-10-29 10:49:00,2025-10-29 16:42:00,2025-10-29 16:45:00,00:03,15.0,-7.281807,112.7099956,level4_kelurahan
144,2025-10-29,Jl. Moestopo (PDAM),Tambaksari,Pacarkeling,Surabaya Timur,Genangan,± 15 cm (Penyedotan),2025-10-29 10:45:00,2025-10-29 10:46:00,2025-10-29 10:48:00,2025-10-29 10:49:00,2025-10-29 16:42:00,2025-10-29 16:45:00,00:03,15.0,-7.2613668,112.7553135,level4_kelurahan
145,2025-10-29,Depan Lap. Hokky,Gubeng,Airlangga,Surabaya Timur,Genangan,± 50 cm (penyedotan,2025-10-29 10:45:00,2025-10-29 10:46:00,2025-10-29 10:48:00,2025-10-29 10:49:00,2025-10-29 16:42:00,2025-10-29 16:45:00,00:03,50.0,-7.2728763,112.7573363,level4_kelurahan
146,2025-10-29,Jl. Mojo (BPJS),Gubeng,Mojo,Surabaya Timur,Genangan,± 20 cm (penyedotan),2025-10-29 10:45:00,2025-10-29 10:46:00,2025-10-29 10:48:00,2025-10-29 10:49:00,2025-10-29 16:42:00,2025-10-29 16:45:00,00:03,20.0,-7.2713958,112.767093,level4_kelurahan
147,2025-10-29,Jl. Cokro Aminoto,Tegalsari,Dr. Soetomo,Surabaya Pusat,Genangan,± 7 cm (penyedotan),2025-10-29 10:45:00,2025-10-29 10:46:00,2025-10-29 10:48:00,2025-10-29 10:49:00,2025-10-29 16:42:00,2025-10-29 16:45:00,00:03,7.0,-7.2816049,112.7361903,level4_kelurahan
148,2025-10-29,Jl. Basuki Rahmat,Tegalsari,Tegalsari,Surabaya Pusat,Genangan,± 20 cm (penyedotan),2025-10-29 10:45:00,2025-10-29 10:46:00,2025-10-29 10:48:00,2025-10-29 10:49:00,2025-10-29 16:42:00,2025-10-29 16:45:00,00:03,20.0,-7.2736902,112.7429172,level1_full
149,2025-10-29,Jl. Mojo (SMKN 5),Gubeng,Mojo,Surabaya Timur,Genangan,± 5 cm (penyedotan),2025-10-29 10:45:00,2025-10-29 10:46:00,2025-10-29 10:48:00,2025-10-29 10:49:00,2025-10-29 16:42:00,2025-10-29 16:45:00,00:03,5.0,-7.2713958,112.767093,level4_kelurahan
150,2025-10-29,Gereja Kristus Raja,Tambaksari,Tambaksari,Surabaya Timur,Genangan,± 15 cm (Penyedotan),2025-10-29 10:45:00,2025-10-29 10:46:00,2025-10-29 10:48:00,2025-10-29 10:49:00,2025-10-29 16:42:00,2025-10-29 16:45:00,00:03,15.0,-7.2562342,112.7545389,level1_full
151,2025-10-29,Jl. Kalilom Lor Timur,Bulak,Kedung Cowek,Surabaya Utara,Genangan,± 70 cm (penyedotan),2025-10-29 10:45:00,2025-10-29 10:46:00,2025-10-29 10:48:00,2025-10-29 10:49:00,2025-10-29 16:42:00,2025-10-29 16:45:00,00:03,70.0,-7.2242631,112.7827233,level1_full
152,2025-10-29,Karang Menjangan (Depan K. Jenazah),Gubeng,Mojo,Surabaya Timur,Genangan,± 20 cm (penyedotan),2025-10-29 10:45:00,2025-10-29 10:46:00,2025-10-29 10:48:00,2025-10-29 10:49:00,2025-10-29 16:42:00,2025-10-29 16:45:00,00:03,20.0,-7.2713958,112.767093,level4_kelurahan
154,2025-10-29,Jl. Simorejosari 1 B/ Jl.Tambak Mayor ( Alfamidi ),Asem Rowo,Asem Rowo,Surabaya Barat,Genangan,Genangan : ± 3 cm,2025-10-29 19:20:00,2025-10-29 19:21:00,2025-10-29 19:25:00,2025-10-29 19:26:00,2025-10-29 22:00:00,2025-10-29 22:05:00,00:05,3.0,-7.2434243,112.7034273,level4_kelurahan
155,2025-11-06,Jl.Karah agung,Jambangan,Karah,Surabaya Selatan,Genangan,Genangan : 5 cm,2025-11-06 16:21:00,2025-11-06 16:21:00,2025-11-06 16:23:00,2025-11-06 16:24:00,2025-11-06 20:22:00,2025-11-06 20:24:00,00:02,5.0,-7.3128859,112.716983,level1_full
156,2025-11-06,RSIA Kendangsari,Tenggilis Mejoyo,Kendangsari,Surabaya Timur,Genangan,Genangan : 5 cm,2025-11-06 16:21:00,2025-11-06 16:21:00,2025-11-06 16:22:00,2025-11-06 16:23:00,2025-11-06 20:22:00,2025-11-06 20:23:00,00:01,5.0,-7.3253318,112.7455018,level1_full
157,2025-11-09,Jl. Nginden Intan AWS,Sukolilo,Nginden Jangkungan,Surabaya Timur,Genangan,Tinggi Genangan : ± 15 cm,2025-11-09 13:03:00,2025-11-09 13:04:00,2025-11-09 13:10:00,2025-11-09 13:11:00,2025-11-09 19:00:00,2025-11-09 19:07:00,00:07,15.0,-7.3041049,112.7673107,level4_kelurahan
158,2025-11-09,Jl.Rungkut Menanggal (Perum.Rungkut Menanggal Harapan),Gunung Anyar,Rungkut Menanggal,Surabaya Timur,Genangan,Tinggi Genangan : ± 20 - 30 cm,2025-11-09 13:03:00,2025-11-09 13:04:00,2025-11-09 13:10:00,2025-11-09 13:11:00,2025-11-09 19:00:00,2025-11-09 19:07:00,00:07,30.0,-7.3381011,112.7680711,level4_kelurahan
159,2025-11-09,Jl. Penjaringan (Rusun Penjaringan),Rungkut,Penjaringansari,Surabaya Timur,Genangan,Tinggi Genangan : ± 10 cm,2025-11-09 13:03:00,2025-11-09 13:04:00,2025-11-09 13:10:00,2025-11-09 13:11:00,2025-11-09 19:00:00,2025-11-09 19:07:00,00:07,10.0,-7.3178367,112.7866834,level4_kelurahan
160,2025-11-09,Jl. Pandugo,Rungkut,Penjaringansari,Surabaya Timur,Genangan,Tinggi Genangan : ± 10 cm,2025-11-09 13:03:00,2025-11-09 13:04:00,2025-11-09 13:10:00,2025-11-09 13:11:00,2025-11-09 19:00:00,2025-11-09 19:07:00,00:07,10.0,-7.3188152,112.7894082,level1_full
161,2025-11-09,RSUD. EC,Rungkut,Kalirungkut,Surabaya Timur,Genangan,Tinggi Genangan : ± 15 cm,2025-11-09 13:03:00,2025-11-09 13:04:00,2025-11-09 13:10:00,2025-11-09 13:11:00,2025-11-09 19:00:00,2025-11-09 19:07:00,00:07,15.0,-7.3199551,112.7676996,level4_kelurahan
162,2025-11-10,Jl.Raya Kendangsari RSIA,Tenggilis Mejoyo,Kendangsari,Surabaya Timur,Genangan,Tinggi Genangan : ± 15 cm,2025-11-10 14:25:00,2025-11-10 14:26:00,2025-11-10 14:30:00,2025-11-10 14:31:00,2025-11-11 00:55:00,2025-11-11 01:00:00,00:05,15.0,-7.3244083,112.7497263,level4_kelurahan
163,2025-11-10,Jl. Nginden Intan AWS,Sukolilo,Nginden Jangkungan,Surabaya Timur,Genangan,Tinggi Genangan : ± 35cm,2025-11-10 14:25:00,2025-11-10 14:26:00,2025-11-10 14:30:00,2025-11-10 14:31:00,2025-11-11 00:55:00,2025-11-11 01:00:00,00:05,35.0,-7.3041049,112.7673107,level4_kelurahan
164,2025-11-10,Jl. Karah Rumah Pompa,Jambangan,Karah,Surabaya Selatan,Genangan,Tinggi Genangan : ± 15 cm,2025-11-10 14:25:00,2025-11-10 14:26:00,2025-11-10 14:30:00,2025-11-10 14:31:00,2025-11-11 00:55:00,2025-11-11 01:00:00,00:05,15.0,-7.3148614,112.720556,level4_kelurahan
165,2025-11-10,SPBU Panjang Jiwo,Tenggilis Mejoyo,Panjang Jiwo,Surabaya Timur,Genangan,Tinggi Genangan : ± 15 cm,2025-11-10 14:25:00,2025-11-10 14:26:00,2025-11-10 14:30:00,2025-11-10 14:31:00,2025-11-11 00:55:00,2025-11-11 01:00:00,00:05,15.0,-7.3121667,112.7614965,level4_kelurahan
166,2025-11-10,STK Tenggilis,Tenggilis Mejoyo,Tenggilis Mejoyo,Surabaya Timur,Genangan,Tinggi Genangan : ± 10 cm,2025-11-10 14:25:00,2025-11-10 14:26:00,2025-11-10 14:30:00,2025-11-10 14:31:00,2025-11-11 00:55:00,2025-11-11 01:00:00,00:05,10.0,-7.3198073,112.7569099,level4_kelurahan
167,2025-11-10,Jl. Karang Pilang PT.Loka,Karang Pilang,Karang Pilang,Surabaya Selatan,Genangan,Tinggi Genangan : ± 10 cm,2025-11-10 14:25:00,2025-11-10 14:26:00,2025-11-10 14:30:00,2025-11-10 14:31:00,2025-11-11 00:55:00,2025-11-11 01:00:00,00:05,10.0,-7.3389592,112.6899507,level4_kelurahan
168,2025-11-10,Jl. Donowati Gg Buntu,Sukomanunggal,Sukomanunggal,Surabaya Barat,Genangan,Tinggi Genangan : ± 20 cm,2025-11-10 14:25:00,2025-11-10 14:26:00,2025-11-10 14:30:00,2025-11-10 14:31:00,2025-11-11 00:55:00,2025-11-11 01:00:00,00:05,20.0,-7.2617671,112.6973817,level4_kelurahan
169,2025-11-10,SMP Negeri 12,Wonokromo,Ngagel,Surabaya Selatan,Genangan,Tinggi Genangan : ± 10 cm,2025-11-10 14:25:00,2025-11-10 14:26:00,2025-11-10 14:30:00,2025-11-10 14:31:00,2025-11-11 00:55:00,2025-11-11 01:00:00,00:05,10.0,-7.2974373,112.7441427,level1_full
170,2025-11-10,Jl. Ngagel Jaya Tengah Gereja SMTB,Gubeng,Baratajaya,Surabaya Timur,Genangan,Tinggi Genangan : ± 10 cm,2025-11-10 14:25:00,2025-11-10 14:26:00,2025-11-10 14:30:00,2025-11-10 14:31:00,2025-11-11 00:55:00,2025-11-11 01:00:00,00:05,10.0,-7.2960594,112.7594578,level4_kelurahan
171,2025-11-11,SMK Unitomo,Sukolilo,Menur Pumpungan,Surabaya Timur,Genangan,Tinggi genangan : ± 15 s/d 25 cm,2025-11-11 11:46:00,2025-11-11 11:47:00,2025-11-11 11:52:00,2025-11-11 11:53:00,2025-11-11 16:44:00,2025-11-11 16:50:00,00:06,25.0,-7.2976503,112.765319,level1_full
172,2025-11-11,Jl. Jarak,Sawahan,Putat Jaya,Surabaya Selatan,Genangan,Tinggi Genangan : ± 20 cm,2025-11-11 18:30:00,2025-11-11 18:31:00,2025-11-11 18:35:00,2025-11-11 18:36:00,2025-11-11 19:46:00,2025-11-11 19:51:00,00:05,20.0,-7.2802214,112.7202064,level1_full
173,2025-11-11,Jl. Lebak Jaya 2,Tambaksari,Gading,Surabaya Timur,Genangan,Tinggi Genangan : ± 15 cm,2025-11-11 18:30:00,2025-11-11 18:31:00,2025-11-11 18:36:00,2025-11-11 18:37:00,2025-11-11 20:30:00,2025-11-11 20:36:00,00:06,15.0,-7.2454099,112.7759841,level4_kelurahan
174,2025-11-12,Jl. Karah Agung,Jambangan,Karah,Surabaya Selatan,Genangan,Genangan : 15 cm,2025-11-12 16:52:00,2025-11-12 16:53:00,2025-11-12 16:59:00,2025-11-12 17:00:00,2025-11-12 21:33:00,2025-11-12 21:40:00,00:07,15.0,-7.3121926,112.7172365,level1_full
175,2025-11-12,Jl.Ketintitang Timur,Gayungan,Ketintang,Surabaya Selatan,Genangan,Genangan : 10 cm,2025-11-12 16:52:00,2025-11-12 16:53:00,2025-11-12 16:59:00,2025-11-12 17:00:00,2025-11-12 21:33:00,2025-11-12 21:40:00,00:07,10.0,-7.3167838,112.7291732,level4_kelurahan
176,2025-11-12,Jl. Wisma Tengger,Benowo,Kandangan,Surabaya Barat,Genangan,Genangan : 60 cm,2025-11-12 16:52:00,2025-11-12 16:53:00,2025-11-12 16:59:00,2025-11-12 17:00:00,2025-11-12 21:33:00,2025-11-12 21:40:00,00:07,60.0,-7.2625269,112.6565116,level1_full
177,2025-11-12,SMPN 12,Wonokromo,Ngagel Rejo,Surabaya Selatan,Genangan,Genangan : 10 cm,2025-11-12 16:52:00,2025-11-12 16:53:00,2025-11-12 16:59:00,2025-11-12 17:00:00,2025-11-12 21:33:00,2025-11-12 21:40:00,00:07,10.0,-7.2978653,112.7492322,level4_kelurahan
178,2025-11-12,Jl.Lontar,Sambikerep,Lontar,Surabaya Barat,Genangan,Genangan : 15 cm,2025-11-12 16:52:00,2025-11-12 16:53:00,2025-11-12 16:59:00,2025-11-12 17:00:00,2025-11-12 21:33:00,2025-11-12 21:40:00,00:07,15.0,-7.2679233,112.6685833,level1_full
179,2025-11-12,Jl.Tanjungsari - Jl.Simorejosari A dan B,Asem Rowo,Asem Rowo,Surabaya Barat,Genangan,Tinggi Genangan : 30 cm,2025-11-12 16:52:00,2025-11-12 16:53:00,2025-11-12 16:59:00,2025-11-12 17:00:00,2025-11-12 21:33:00,2025-11-12 21:40:00,00:07,30.0,-7.2434243,112.7034273,level4_kelurahan
180,2025-11-12,Jl.Tenggilis,Tenggilis Mejoyo,Tenggilis Mejoyo,Surabaya Timur,Genangan,Genangan : 15 cm,2025-11-12 16:52:00,2025-11-12 16:53:00,2025-11-12 16:59:00,2025-11-12 17:00:00,2025-11-12 21:33:00,2025-11-12 21:40:00,00:07,15.0,-7.3198073,112.7569099,level1_full
181,2025-11-12,Jl. Ngagel Madya ( Gereja SMTB,Wonokromo,Ngagel,Surabaya Selatan,Genangan,Genangan : 10 cm,2025-11-12 16:52:00,2025-11-12 16:53:00,2025-11-12 16:59:00,2025-11-12 17:00:00,2025-11-12 21:33:00,2025-11-12 21:40:00,00:07,10.0,-7.290469,112.7451258,level4_kelurahan
182,2025-11-12,Jl.Tambak Mayor,Asem Rowo,Asem Rowo,Surabaya Barat,Genangan,Genangan : 5 cm,2025-11-12 16:52:00,2025-11-12 16:53:00,2025-11-12 16:59:00,2025-11-12 17:00:00,2025-11-12 21:33:00,2025-11-12 21:40:00,00:07,5.0,-7.2533225,112.7020257,level3_jalan_only
183,2025-11-12,Jl. Jarak  - >> Jl.Putat Gede,Sawahan,Putat Jaya,Surabaya Selatan,Genangan,Genangan : 20 cm,2025-11-12 16:52:00,2025-11-12 16:53:00,2025-11-12 16:59:00,2025-11-12 17:00:00,2025-11-12 21:33:00,2025-11-12 21:40:00,00:07,20.0,-7.2766812,112.7163307,level4_kelurahan
184,2025-11-12,Jl. Kupang Baru,Sukomanunggal,Sonokwijenan,Surabaya Barat,Genangan,Genangan : 15 cm,2025-11-12 16:52:00,2025-11-12 16:53:00,2025-11-12 16:59:00,2025-11-12 17:00:00,2025-11-12 21:33:00,2025-11-12 21:40:00,00:07,15.0,-7.2802959,112.7011375,level1_full
185,2025-11-12,"Jl.Margorejo , Margorejo Indah , Plasa marina , Almaz Chiken",Wonocolo,Margorejo,Surabaya Selatan,Genangan,Genangan : 30 cm,2025-11-12 16:52:00,2025-11-12 16:53:00,2025-11-12 16:59:00,2025-11-12 17:00:00,2025-11-12 21:33:00,2025-11-12 21:40:00,00:07,30.0,-7.3154263,112.7411382,level4_kelurahan
186,2025-11-17,Jl. Gayungsari Barat,Gayungan,Gayungan,Surabaya Selatan,Genangan,Genangan : ± 15cm,2025-11-17 17:00:00,2025-11-17 17:01:00,2025-11-17 17:07:00,2025-11-17 17:08:00,2025-11-17 18:28:00,2025-11-17 18:35:00,00:07,15.0,-7.3322774,112.7198854,level1_full
187,2025-11-17,RSIA Kendangsari,Tenggilis Mejoyo,Kendangsari,Surabaya Timur,Genangan,Genangan : ±35cm,2025-11-17 17:00:00,2025-11-17 17:01:00,2025-11-17 17:05:00,2025-11-17 17:06:00,2025-11-17 18:28:00,2025-11-17 18:33:00,00:05,35.0,-7.3253318,112.7455018,level1_full
188,2025-11-17,Jl. Margorejo Indah (Masjid Nurul Iman),Wonocolo,Margorejo,Surabaya Selatan,Genangan,Genangan : ±15-20cm,2025-11-17 17:00:00,2025-11-17 17:01:00,2025-11-17 17:05:00,2025-11-17 17:06:00,2025-11-17 18:28:00,2025-11-17 18:33:00,00:05,20.0,-7.3154263,112.7411382,level4_kelurahan
189,2025-11-17,Jl. Tenggilis (Depan STK),Tenggilis Mejoyo,Tenggilis Mejoyo,Surabaya Timur,Genangan,Genangan : ±15-20cm,2025-11-17 17:00:00,2025-11-17 17:01:00,2025-11-17 17:05:00,2025-11-17 17:06:00,2025-11-17 18:28:00,2025-11-17 18:33:00,00:05,20.0,-7.3198073,112.7569099,level4_kelurahan
190,2025-11-18,Jl. Injoko,Gayungan,Gayungan,Surabaya Selatan,Genangan,Genangan : ±5cm,2025-11-18 17:15:00,2025-11-18 17:16:00,2025-11-18 17:22:00,2025-11-18 17:23:00,2025-11-19 00:50:00,2025-11-19 00:57:00,00:07,5.0,-7.3337207,112.7246852,level4_kelurahan
191,2025-11-18,Wisma Tengger,Benowo,Kandangan,Surabaya Barat,Genangan,Genangan = 15 cm,2025-11-18 17:15:00,2025-11-18 17:16:00,2025-11-18 17:22:00,2025-11-18 17:23:00,2025-11-19 00:50:00,2025-11-19 00:57:00,00:07,15.0,-7.2625269,112.6565116,level1_full
192,2025-11-18,Jl. Tanjungsari,Sukomanunggal,Sukomanunggal,Surabaya Barat,Genangan,Genangan = 10 cm,2025-11-18 17:15:00,2025-11-18 17:16:00,2025-11-18 17:22:00,2025-11-18 17:23:00,2025-11-19 00:50:00,2025-11-19 00:57:00,00:07,10.0,-7.2659721,112.6916819,level1_full
193,2025-11-18,Jl. Tambak Mayor,Asem Rowo,Asem Rowo,Surabaya Barat,Genangan,Genangan = 20 cm,2025-11-18 17:15:00,2025-11-18 17:16:00,2025-11-18 17:22:00,2025-11-18 17:23:00,2025-11-19 00:50:00,2025-11-19 00:57:00,00:07,20.0,-7.2515709,112.7087457,level1_full
194,2025-11-18,Rungkut Mejoyo Selatan,Rungkut,Kalirungkut,Surabaya Timur,Genangan,Genangan = 15 cm,2025-11-18 17:15:00,2025-11-18 17:16:00,2025-11-18 17:22:00,2025-11-18 17:23:00,2025-11-19 00:50:00,2025-11-19 00:57:00,00:07,15.0,-7.3234412,112.7610663,level1_full
195,2025-11-18,Jl. Manukan Lor,Tandes,Manukan Kulon,Surabaya Barat,Genangan,Genangan = 15 cm,2025-11-18 17:15:00,2025-11-18 17:16:00,2025-11-18 17:22:00,2025-11-18 17:23:00,2025-11-19 00:50:00,2025-11-19 00:57:00,00:07,15.0,-7.2600542,112.6618372,level1_full
196,2025-11-18,RSIA Kendangsari,Tenggilis Mejoyo,Kendangsari,Surabaya Timur,Genangan,Genangan = 15 cm,2025-11-18 17:15:00,2025-11-18 17:16:00,2025-11-18 17:22:00,2025-11-18 17:23:00,2025-11-19 00:50:00,2025-11-19 00:57:00,00:07,15.0,-7.3253318,112.7455018,level1_full
197,2025-11-18,Jl. Kauman Masjid,Pakal,Benowo,Surabaya Barat,Genangan,Tinggi genangan = 15cm,2025-11-18 17:15:00,2025-11-18 17:16:00,2025-11-18 17:22:00,2025-11-18 17:23:00,2025-11-19 00:50:00,2025-11-19 00:57:00,00:07,15.0,-7.2339099,112.6152676,level4_kelurahan
198,2025-11-19,Jl. Tambak Osowilangon,Benowo,Tambak Oso Wilangun,Surabaya Barat,Genangan,Tinggi Genangan : ± 35 cm,2025-11-19 07:17:00,2025-11-19 07:18:00,2025-11-19 07:22:00,2025-11-19 07:23:00,2025-11-19 16:30:00,2025-11-19 16:35:00,00:05,35.0,-7.2190708,112.6544175,level4_kelurahan
199,2025-11-19,Jl.Genting tambak dalam,Asem Rowo,Genting Kalianak,Surabaya Barat,Genangan,Tinggi Genangan : ± 10 cm,2025-11-19 07:17:00,2025-11-19 07:18:00,2025-11-19 07:24:00,2025-11-19 07:25:00,2025-11-19 16:30:00,2025-11-19 16:37:00,00:07,10.0,-7.2366584,112.7058987,level4_kelurahan
200,2025-11-23,Jl. Margorejo,Wonocolo,Margorejo,Surabaya Selatan,Genangan,Genangan : 20 s.d 30 cm,2025-11-23 19:29:00,2025-11-23 19:30:00,2025-11-23 19:34:00,2025-11-23 19:35:00,2025-11-24 01:30:00,2025-11-24 01:35:00,00:05,30.0,-7.3157212,112.7473464,level1_full
201,2025-11-23,RSIA Kendangsari,Tenggilis Mejoyo,Kendangsari,Surabaya Timur,Genangan,Genangan : 15 - 17 cm,2025-11-23 19:29:00,2025-11-23 19:30:00,2025-11-23 19:36:00,2025-11-23 19:37:00,2025-11-23 23:54:00,2025-11-24 00:01:00,00:07,17.0,-7.3253318,112.7455018,level1_full
202,2025-11-23,AWS,Sukolilo,Medokan Semampir,Surabaya Timur,Genangan,Genangan : 25 s/d 30 cm,2025-11-23 19:29:00,2025-11-23 19:30:00,2025-11-23 19:36:00,2025-11-23 19:37:00,2025-11-24 01:30:00,2025-11-24 01:37:00,00:07,30.0,-7.3086471,112.7747963,level1_full
203,2025-11-23,SMPN 12,Wonokromo,Ngagel Rejo,Surabaya Selatan,Genangan,Genangan : 20 cm,2025-11-23 19:29:00,2025-11-23 19:30:00,2025-11-23 19:36:00,2025-11-23 19:37:00,2025-11-24 01:30:00,2025-11-24 01:37:00,00:07,20.0,-7.2978653,112.7492322,level4_kelurahan
204,2025-11-23,Karah Agung,Jambangan,Karah,Surabaya Selatan,Genangan,Genangan : 15 cm - 20 cm,2025-11-23 19:29:00,2025-11-23 19:30:00,2025-11-23 19:36:00,2025-11-23 19:37:00,2025-11-23 23:45:00,2025-11-23 23:52:00,00:07,20.0,-7.3121926,112.7172365,level1_full
205,2025-11-23,RS. Ubaya,Tenggilis Mejoyo,Panjang Jiwo,Surabaya Timur,Genangan,Genangan : 25- 20 cm,2025-11-23 19:29:00,2025-11-23 19:30:00,2025-11-23 19:36:00,2025-11-23 19:37:00,2025-11-24 10:53:00,2025-11-24 11:00:00,00:07,20.0,-7.3121667,112.7614965,level4_kelurahan
206,2025-11-23,SMAN 14,Rungkut,Kalirungkut,Surabaya Timur,Genangan,Genangan : 15-20 cm,2025-11-23 19:29:00,2025-11-23 19:30:00,2025-11-23 19:36:00,2025-11-23 19:37:00,2025-11-24 10:53:00,2025-11-24 11:00:00,00:07,20.0,-7.3199551,112.7676996,level4_kelurahan
207,2025-11-23,RP. Rungkut Menanggal,Gunung Anyar,Rungkut Menanggal,Surabaya Timur,Genangan,Genangan : 20 s/d 40 cm,2025-11-23 19:29:00,2025-11-23 19:30:00,2025-11-23 19:36:00,2025-11-23 19:37:00,2025-11-24 10:53:00,2025-11-24 11:00:00,00:07,40.0,-7.3377964,112.7745225,level1_full
208,2025-11-23,Gereja SMTB,Gubeng,Baratajaya,Surabaya Timur,Genangan,Genangan : 20 cm,2025-11-23 19:29:00,2025-11-23 19:30:00,2025-11-23 19:36:00,2025-11-23 19:37:00,2025-11-23 23:45:00,2025-11-23 23:52:00,00:07,20.0,-7.2889791,112.7602304,level1_full
209,2025-11-23,Jl. Kalibokor,Gubeng,Pucang Sewu,Surabaya Timur,Genangan,Genangan : 30 cm,2025-11-23 19:29:00,2025-11-23 19:30:00,2025-11-23 19:36:00,2025-11-23 19:37:00,2025-11-24 01:30:00,2025-11-24 01:37:00,00:07,30.0,-7.2854473,112.7490712,level1_full
210,2025-11-23,Jl. Bung Tomo,Wonokromo,Ngagel,Surabaya Selatan,Genangan,Genangan : 20 cm,2025-11-23 19:29:00,2025-11-23 19:30:00,2025-11-23 19:36:00,2025-11-23 19:37:00,2025-11-24 01:30:00,2025-11-24 01:37:00,00:07,20.0,-7.2895792,112.7454712,level1_full
211,2025-11-23,Jl.Simo kalangan,Sukomanunggal,Simomulyo,Surabaya Barat,Genangan,Genangan : 30 cm,2025-11-23 19:29:00,2025-11-23 19:30:00,2025-11-23 19:36:00,2025-11-23 19:37:00,2025-11-24 02:30:00,2025-11-24 02:37:00,00:07,30.0,-7.2680009,112.7102945,level1_full
212,2025-11-25,RSIA Kendangsari,Tenggilis Mejoyo,Kendangsari,Surabaya Timur,Genangan,Genangan :  ± 5cm,2025-11-25 17:30:00,2025-11-25 17:31:00,2025-11-25 17:36:00,2025-11-25 17:37:00,2025-11-25 20:00:00,2025-11-25 20:06:00,00:06,5.0,-7.3253318,112.7455018,level1_full
213,2025-11-25,STK Tenggilis Mejoyo,Tenggilis Mejoyo,Tenggilis Mejoyo,Surabaya Timur,Genangan,Genangan :  ± 10cm,2025-11-25 17:30:00,2025-11-25 17:31:00,2025-11-25 17:36:00,2025-11-25 17:37:00,2025-11-25 20:00:00,2025-11-25 20:06:00,00:06,10.0,-7.3198073,112.7569099,level4_kelurahan
214,2025-11-25,SMP 12,Wonokromo,Ngagel Rejo,Surabaya Selatan,Genangan,Genangan :  ± 20 cm,2025-11-25 17:30:00,2025-11-25 17:31:00,2025-11-25 17:36:00,2025-11-25 17:37:00,2025-11-25 20:00:00,2025-11-25 20:06:00,00:06,20.0,-7.2974373,112.7441427,level1_full
215,2025-11-25,Jl. Nginden AWS,Sukolilo,Nginden Jangkungan,Surabaya Timur,Genangan,Genangan :  ±15 cm,2025-11-25 17:30:00,2025-11-25 17:31:00,2025-11-25 17:36:00,2025-11-25 17:37:00,2025-11-25 20:00:00,2025-11-25 20:06:00,00:06,15.0,-7.3041049,112.7673107,level4_kelurahan
216,2025-11-29,Jl. Simo Hilir,Sukomanunggal,Simomulyo,Surabaya Barat,Genangan,Genangan : ± 30 cm,2025-11-29 12:38:00,2025-11-29 12:39:00,2025-11-29 12:44:00,2025-11-29 12:45:00,2025-11-29 17:56:00,2025-11-29 18:02:00,00:06,30.0,-7.2722452,112.7056594,level1_full
217,2025-11-29,Jl. Tanjungsari ( sebelah selatan ),Sukomanunggal,Sukomanunggal,Surabaya Barat,Genangan,Genangan : ± 20 cm,2025-11-29 12:38:00,2025-11-29 12:39:00,2025-11-29 12:45:00,2025-11-29 12:46:00,2025-11-29 17:56:00,2025-11-29 18:03:00,00:07,20.0,-7.2617671,112.6973817,level4_kelurahan
218,2025-11-29,Jl.Tambak Mayor,Asem Rowo,Asem Rowo,Surabaya Barat,Genangan,Genangan : ± 20 cm,2025-11-29 12:38:00,2025-11-29 12:39:00,2025-11-29 12:45:00,2025-11-29 12:46:00,2025-11-29 17:56:00,2025-11-29 18:03:00,00:07,20.0,-7.2533225,112.7020257,level3_jalan_only
219,2025-11-29,Jl.Kupang baru,Sukomanunggal,Sonokwijenan,Surabaya Barat,Genangan,Genangan : ± 15 cm,2025-11-29 12:38:00,2025-11-29 12:39:00,2025-11-29 12:45:00,2025-11-29 12:46:00,2025-11-29 17:56:00,2025-11-29 18:03:00,00:07,15.0,-7.2802959,112.7011375,level1_full
220,2025-11-29,Jl.Simo Rejosari A,Sukomanunggal,Simomulyo,Surabaya Barat,Genangan,Genangan : 20 cm,2025-11-29 12:38:00,2025-11-29 12:39:00,2025-11-29 12:45:00,2025-11-29 12:46:00,2025-11-29 17:56:00,2025-11-29 18:03:00,00:07,20.0,-7.2608289,112.7109621,level4_kelurahan
221,2025-12-07,Jl. Tambak Mayor,Asem Rowo,Asem Rowo,Surabaya Barat,Genangan,Tinggi Genangan : ± 10 cm,2025-12-07 12:22:00,2025-12-07 12:23:00,2025-12-07 12:25:00,2025-12-07 12:26:00,2025-12-07 14:13:00,2025-12-07 14:16:00,00:03,10.0,-7.2515709,112.7087457,level1_full
222,2025-12-07,Kel. Putat Jaya,Sawahan,Putat Jaya,Surabaya Selatan,Genangan,Tinggi Genangan : ± 10 cm,2025-12-07 12:22:00,2025-12-07 12:23:00,2025-12-07 12:27:00,2025-12-07 12:28:00,2025-12-07 14:13:00,2025-12-07 14:18:00,00:05,10.0,-7.2766812,112.7163307,level4_kelurahan
223,2025-12-07,Jl. Simorejosari A & B,Sukomanunggal,Simomulyo,Surabaya Barat,Genangan,Tinggi Genangan : ± 10 cm,2025-12-07 12:22:00,2025-12-07 12:23:00,2025-12-07 12:26:00,2025-12-07 12:27:00,2025-12-07 14:13:00,2025-12-07 14:19:00,00:04,10.0,-7.2608289,112.7109621,level4_kelurahan
224,2025-12-09,Kendangsari,Tenggilis Mejoyo,Kendangsari,Surabaya Timur,Genangan,Tinggi Genangan : ± 10 cm,2025-12-09 14:00:00,2025-12-09 14:01:00,2025-12-09 14:07:00,2025-12-09 14:08:00,2025-12-09 18:24:00,2025-12-09 18:31:00,00:07,10.0,-7.3230597,112.751453,level1_full
225,2025-12-09,Jl. Gayungsari Barat,Gayungan,Gayungan,Surabaya Selatan,Genangan,Tinggi Genangan : ± 10 cm,2025-12-09 14:00:00,2025-12-09 14:01:00,2025-12-09 14:07:00,2025-12-09 14:08:00,2025-12-09 18:24:00,2025-12-09 18:31:00,00:07,10.0,-7.3322774,112.7198854,level1_full
226,2025-12-09,Jl. Teratai,Tambaksari,Tambaksari,Surabaya Timur,Genangan,Genangan : 10 cm,2025-12-09 14:00:00,2025-12-09 14:01:00,2025-12-09 14:07:00,2025-12-09 14:08:00,2025-12-09 18:24:00,2025-12-09 18:31:00,00:07,10.0,-7.2551514,112.7565167,level1_full
227,2025-12-11,Perum.Wiguna Selatan,Gunung Anyar,Gunung Anyar Tambak,Surabaya Timur,Genangan,Genangan : ± 20-45cm,2025-12-11 15:15:00,2025-12-11 15:16:00,2025-12-11 15:22:00,2025-12-11 15:23:00,2025-12-11 23:45:00,2025-12-11 23:52:00,00:07,45.0,-7.3398412,112.8112531,level4_kelurahan
228,2025-12-11,Perum.Puri Emas,Gunung Anyar,Gunung Anyar,Surabaya Timur,Genangan,Genangan : ± 20-45cm,2025-12-11 15:15:00,2025-12-11 15:16:00,2025-12-11 15:22:00,2025-12-11 15:23:00,2025-12-11 23:50:00,2025-12-11 23:57:00,00:07,45.0,-7.3390803,112.7890957,level4_kelurahan
229,2025-12-11,RS.Ubaya,Tenggilis Mejoyo,Panjang Jiwo,Surabaya Timur,Genangan,Genangan : ±5-10cm,2025-12-11 15:15:00,2025-12-11 15:16:00,2025-12-11 15:22:00,2025-12-11 15:23:00,2025-12-11 23:54:00,2025-12-12 00:01:00,00:07,10.0,-7.3121667,112.7614965,level4_kelurahan
230,2025-12-11,Jl. Ngnden AWS,Sukolilo,Nginden Jangkungan,Surabaya Timur,Genangan,Tinggi Genangan : ± 20cm,2025-12-11 15:15:00,2025-12-11 15:16:00,2025-12-11 15:22:00,2025-12-11 15:23:00,2025-12-12 00:12:00,2025-12-12 00:19:00,00:07,20.0,-7.3041049,112.7673107,level4_kelurahan
231,2025-12-23,Gereja Santa Maria Tak Bercela,Gubeng,Baratajaya,Surabaya Timur,Genangan,Genangan : 5cm,2025-12-23 14:00:00,2025-12-23 14:01:00,2025-12-23 14:05:00,2025-12-23 14:06:00,2025-12-23 16:23:00,2025-12-23 16:28:00,00:05,5.0,-7.2960594,112.7594578,level4_kelurahan
232,2025-12-23,SMPN 12,Wonokromo,Ngagel Rejo,Surabaya Selatan,Genangan,Genangan : 25 cm,2025-12-23 14:00:00,2025-12-23 14:01:00,2025-12-23 14:05:00,2025-12-23 14:06:00,2025-12-23 16:24:00,2025-12-23 16:29:00,00:05,25.0,-7.2978653,112.7492322,level4_kelurahan
233,2025-12-23,Bung Tomo,Wonokromo,Ngagel,Surabaya Selatan,Genangan,Tinggi Genangan : ± 15 cm,2025-12-23 14:00:00,2025-12-23 14:01:00,2025-12-23 14:05:00,2025-12-23 14:06:00,2025-12-23 15:58:00,2025-12-23 16:03:00,00:05,15.0,-7.2907825,112.7469227,level1_full
234,2025-12-23,Jl.Tambaksari ( Stadion Gelora 10 November ),Tambaksari,Pacarkeling,Surabaya Timur,Genangan,Tinggi Genangan : ± 20 cm,2025-12-23 14:00:00,2025-12-23 14:01:00,2025-12-23 14:05:00,2025-12-23 14:06:00,2025-12-23 17:53:00,2025-12-23 17:58:00,00:05,20.0,-7.2613668,112.7553135,level4_kelurahan
235,2025-12-23,RSIA Kendangsari,Tenggilis Mejoyo,Kendangsari,Surabaya Timur,Genangan,Tinggi Genangan : ± 10 cm,2025-12-23 14:00:00,2025-12-23 14:01:00,2025-12-23 14:05:00,2025-12-23 14:06:00,2025-12-23 15:08:00,2025-12-23 15:13:00,00:05,10.0,-7.3253318,112.7455018,level1_full
236,2025-12-23,Jl.Kinibalu,Sawahan,Petemon,Surabaya Selatan,Genangan,Tinggi Genangan : ± 20 cm,2025-12-23 14:00:00,2025-12-23 14:01:00,2025-12-23 14:05:00,2025-12-23 14:06:00,2025-12-23 17:20:00,2025-12-23 17:25:00,00:05,20.0,-7.261287,112.7249458,level1_full
237,2025-12-23,Jl.Pregolan,Tegalsari,Tegalsari,Surabaya Pusat,Genangan,Tinggi Genangan : ± 15 cm,2025-12-23 14:00:00,2025-12-23 14:01:00,2025-12-23 14:05:00,2025-12-23 14:06:00,2025-12-23 15:35:00,2025-12-23 15:40:00,00:05,15.0,-7.267578,112.7399372,level1_full
238,2025-12-23,Jl.Simo Hilir,Sukomanunggal,Simomulyo,Surabaya Barat,Genangan,Tinggi Genangan : ± 50 cm,2025-12-23 14:00:00,2025-12-23 14:01:00,2025-12-23 14:05:00,2025-12-23 14:06:00,2025-12-23 17:31:00,2025-12-23 17:36:00,00:05,50.0,-7.2734338,112.7068378,level1_full
239,2025-12-23,Simorejosari B,Sukomanunggal,Simomulyo,Surabaya Barat,Genangan,Tinggi Genangan : ± 20 cm,2025-12-23 14:00:00,2025-12-23 14:01:00,2025-12-23 14:05:00,2025-12-23 14:06:00,2025-12-23 22:36:00,2025-12-23 22:41:00,00:05,20.0,-7.2608289,112.7109621,level4_kelurahan
240,2025-12-23,Jl.Bulak Cumpat,Bulak,Bulak,Surabaya Utara,Genangan,Tinggi Genangan : ± 30 cm,2025-12-23 14:00:00,2025-12-23 14:01:00,2025-12-23 14:05:00,2025-12-23 14:06:00,2025-12-23 16:09:00,2025-12-23 16:14:00,00:05,30.0,-7.2297582,112.7825281,level1_full
241,2025-12-23,Jl.Teluk betung,Pabean Cantian,Perak Utara,Surabaya Utara,Genangan,Tinggi Genangan : ± 20 cm,2025-12-23 14:00:00,2025-12-23 14:01:00,2025-12-23 14:05:00,2025-12-23 14:06:00,2025-12-23 19:45:00,2025-12-23 19:50:00,00:05,20.0,-7.2141232,112.7295661,level1_full
242,2025-12-23,Jl.Ketintang depan UNESA ( Telkom ),Gayungan,Ketintang,Surabaya Selatan,Genangan,Tinggi Genangan : ± 20 cm,2025-12-23 14:00:00,2025-12-23 14:01:00,2025-12-23 14:05:00,2025-12-23 14:06:00,2025-12-23 16:15:00,2025-12-23 16:20:00,00:05,20.0,-7.3167838,112.7291732,level4_kelurahan
243,2025-12-23,ketintang madya,Gayungan,Ketintang,Surabaya Selatan,Genangan,Tinggi Genangan : ± 15 cm,2025-12-23 14:00:00,2025-12-23 14:01:00,2025-12-23 14:05:00,2025-12-23 14:06:00,2025-12-23 16:11:00,2025-12-23 16:16:00,00:05,15.0,-7.3114039,112.7232112,level1_full
244,2025-12-23,Jl.Raya Lontar,Sambikerep,Lontar,Surabaya Barat,Genangan,Tinggi Genangan : ± 10 cm,2025-12-23 14:00:00,2025-12-23 14:01:00,2025-12-23 14:05:00,2025-12-23 14:06:00,2025-12-23 16:28:00,2025-12-23 16:33:00,00:05,10.0,-7.2826717,112.6606885,level1_full
245,2025-12-23,Jl Karangan Jaya RS Wiyung sejahtera,Wiyung,Babatan,Surabaya Selatan,Genangan,Tinggi Genangan : ± 10 cm,2025-12-23 14:00:00,2025-12-23 14:01:00,2025-12-23 14:05:00,2025-12-23 14:06:00,2025-12-23 18:02:00,2025-12-23 18:07:00,00:05,10.0,-7.3021334,112.6811362,level4_kelurahan
246,2025-12-23,Jl Graha Family,Dukuh Pakis,Pradah Kalikendal,Surabaya Selatan,Genangan,Tinggi Genangan : ± 50 cm,2025-12-23 14:00:00,2025-12-23 14:01:00,2025-12-23 14:05:00,2025-12-23 14:06:00,2025-12-23 18:02:00,2025-12-23 18:07:00,00:05,50.0,-7.2885936,112.6861431,level4_kelurahan
247,2025-12-23,SMPN 51 Balas klumprik,Wiyung,Balas Klumprik,Surabaya Selatan,Genangan,Tinggi Genangan : ± 30 cm,2025-12-23 14:00:00,2025-12-23 14:01:00,2025-12-23 14:05:00,2025-12-23 14:06:00,2025-12-23 15:10:00,2025-12-23 15:15:00,00:05,30.0,-7.3275223,112.6867899,level4_kelurahan
248,2025-12-23,Wisma Tengger,Benowo,Kandangan,Surabaya Barat,Genangan,Tinggi Genangan : ± 20 cm,2025-12-23 14:00:00,2025-12-23 14:01:00,2025-12-23 14:05:00,2025-12-23 14:06:00,2025-12-23 17:23:00,2025-12-23 17:28:00,00:05,20.0,-7.2625269,112.6565116,level1_full
249,2025-12-23,Simo Kalangan,Sukomanunggal,Simomulyo,Surabaya Barat,Genangan,Tinggi Genangan : ± 30cm,2025-12-23 14:00:00,2025-12-23 14:01:00,2025-12-23 14:05:00,2025-12-23 14:06:00,2025-12-23 17:26:00,2025-12-23 17:31:00,00:05,30.0,-7.2654566,112.7122153,level1_full
250,2025-12-24,Jl.Teluk betung,Pabean Cantian,Perak Utara,Surabaya Utara,Genangan,Tinggi Genangan : ± 20 cm,2025-12-24 15:24:00,2025-12-24 15:25:00,2025-12-24 15:30:00,2025-12-24 15:31:00,2025-12-24 23:06:00,2025-12-24 23:12:00,00:06,20.0,-7.2141232,112.7295661,level1_full
251,2025-12-25,Jl. Teluk Kumai,Pabean Cantian,Perak Utara,Surabaya Utara,Genangan,Tinggi Genangan : ± 20 cm,2025-12-25 15:14:00,2025-12-25 15:15:00,2025-12-25 15:20:00,2025-12-25 15:21:00,2025-12-25 22:29:00,2025-12-25 22:35:00,00:06,20.0,-7.2126774,112.7344164,level1_full
252,2025-12-25,Jl. Teluk Betung,Pabean Cantian,Perak Utara,Surabaya Utara,Genangan,Tinggi Genangan : ± 10 cm,2025-12-25 15:14:00,2025-12-25 15:15:00,2025-12-25 15:20:00,2025-12-25 15:21:00,2025-12-25 22:29:00,2025-12-25 22:35:00,00:06,10.0,-7.2141232,112.7295661,level1_full
253,2025-12-27,Jl. Graha Family,Dukuh Pakis,Pradah Kalikendal,Surabaya Selatan,Genangan,Genangan : ± 30-40cm,2025-12-27 15:15:00,2025-12-27 15:16:00,2025-12-27 15:20:00,2025-12-27 15:21:00,2025-12-27 18:50:00,2025-12-27 18:55:00,00:05,40.0,-7.2885936,112.6861431,level4_kelurahan
254,2025-12-27,Jl. Simo Kalangan,Sukomanunggal,Simomulyo,Surabaya Barat,Genangan,Genangan :  ± 50cm,2025-12-27 15:15:00,2025-12-27 15:16:00,2025-12-27 15:20:00,2025-12-27 15:21:00,2025-12-27 23:50:00,2025-12-27 23:55:00,00:05,50.0,-7.2657015,112.7125394,level1_full
255,2025-12-27,Wisma Tengger,Benowo,Kandangan,Surabaya Barat,Genangan,Genangan : ± 5-10cm,2025-12-27 15:15:00,2025-12-27 15:16:00,2025-12-27 15:20:00,2025-12-27 15:21:00,2025-12-27 23:30:00,2025-12-27 23:35:00,00:05,10.0,-7.2625269,112.6565116,level1_full
256,2025-12-27,Jl. Jawar,Pakal,Sumber Rejo,Surabaya Barat,Genangan,Genangan : ± 20cm,2025-12-27 15:15:00,2025-12-27 15:16:00,2025-12-27 15:20:00,2025-12-27 15:21:00,2025-12-27 22:50:00,2025-12-27 22:55:00,00:05,20.0,-7.2255189,112.6157079,level1_full
257,2025-12-27,Jl. Sememi Jaya Selatan,Benowo,Sememi,Surabaya Barat,Genangan,Genangan : ± 40-50cm,2025-12-27 15:15:00,2025-12-27 15:16:00,2025-12-27 15:20:00,2025-12-27 15:21:00,2025-12-27 23:45:00,2025-12-27 23:50:00,00:05,50.0,-7.2465629,112.6420176,level4_kelurahan
258,2025-12-30,Jl.Wisma Tengger,Benowo,Kandangan,Surabaya Barat,Genangan,Genangan : 20 cm,2025-12-30 17:51:00,2025-12-30 17:52:00,2025-12-30 17:57:00,2025-12-30 17:58:00,2025-12-30 19:04:00,2025-12-30 19:10:00,00:06,20.0,-7.2611696,112.6568495,level1_full
259,2026-01-02,Jl. Simorejo Sari A&B,Sukomanunggal,Simomulyo,Surabaya Barat,Genangan,Genangan : 10 cm,2026-01-02 19:05:00,2026-01-02 19:06:00,2026-01-02 19:10:00,2026-01-02 19:11:00,2026-01-02 23:12:00,2026-01-02 23:17:00,00:05,10.0,-7.2608289,112.7109621,level4_kelurahan
260,2026-01-04,Jl. Margorejo,Wonocolo,Margorejo,Surabaya Selatan,Genangan,Genangan :  ± 10 cm,2026-01-04 16:00:00,2026-01-04 16:01:00,2026-01-04 16:05:00,2026-01-04 16:06:00,2026-01-04 21:01:00,2026-01-04 21:06:00,00:05,10.0,-7.3157212,112.7473464,level1_full
261,2026-01-04,RSIA Kendangsari,Tenggilis Mejoyo,Kendangsari,Surabaya Timur,Genangan,Genangan : ± 10-15cm,2026-01-04 16:00:00,2026-01-04 16:01:00,2026-01-04 16:05:00,2026-01-04 16:06:00,2026-01-04 22:47:00,2026-01-04 22:52:00,00:05,15.0,-7.3253318,112.7455018,level1_full
262,2026-01-04,RS. Ubaya,Tenggilis Mejoyo,Panjang Jiwo,Surabaya Timur,Genangan,Genangan : ±20 cm(sisi selatan),2026-01-04 16:00:00,2026-01-04 16:01:00,2026-01-04 16:07:00,2026-01-04 16:08:00,2026-01-04 23:59:00,2026-01-05 00:05:00,00:07,20.0,-7.3121667,112.7614965,level4_kelurahan
263,2026-01-04,Jl. Purimas,Gunung Anyar,Gunung Anyar,Surabaya Timur,Genangan,Genangan : ± 10 - 15 cm(surut ±5cm)sby,2026-01-04 16:00:00,2026-01-04 16:01:00,2026-01-04 16:05:00,2026-01-04 16:06:00,2026-01-04 21:53:00,2026-01-04 21:58:00,00:05,15.0,-7.3341351,112.7854081,level1_full
264,2026-01-04,RS. EC,Rungkut,Kalirungkut,Surabaya Timur,Genangan,Tinggi Genangan : ± 15cm,2026-01-04 16:00:00,2026-01-04 16:01:00,2026-01-04 16:07:00,2026-01-04 16:08:00,2026-01-04 21:50:00,2026-01-04 21:57:00,00:07,15.0,-7.3199551,112.7676996,level4_kelurahan
265,2026-01-04,SMP 12,Wonokromo,Ngagel Rejo,Surabaya Selatan,Genangan,Tinggi Genangan : ± 10 cm,2026-01-04 16:00:00,2026-01-04 16:01:00,2026-01-04 16:07:00,2026-01-04 16:08:00,2026-01-04 21:19:00,2026-01-04 21:26:00,00:07,10.0,-7.2974373,112.7441427,level1_full
266,2026-01-04,AWS,Sukolilo,Medokan Semampir,Surabaya Timur,Genangan,Genangan : ±15 cm,2026-01-04 16:00:00,2026-01-04 16:01:00,2026-01-04 16:07:00,2026-01-04 16:08:00,2026-01-04 18:30:00,2026-01-04 18:37:00,00:07,15.0,-7.3086471,112.7747963,level1_full
267,2026-01-04,STK Tenggilis Mejoyo,Tenggilis Mejoyo,Panjang Jiwo,Surabaya Timur,Genangan,Genangan : ± 15 cm,2026-01-04 16:00:00,2026-01-04 16:01:00,2026-01-04 16:07:00,2026-01-04 16:08:00,2026-01-04 23:58:00,2026-01-05 00:05:00,00:07,15.0,-7.3121667,112.7614965,level4_kelurahan
268,2026-01-04,Jl. Tenggilis Timur,Tenggilis Mejoyo,Panjang Jiwo,Surabaya Timur,Genangan,Tinggi Genangan : ± 20 cm,2026-01-04 16:00:00,2026-01-04 16:01:00,2026-01-04 16:07:00,2026-01-04 16:08:00,2026-01-04 21:50:00,2026-01-04 21:57:00,00:07,20.0,-7.3164435,112.7542565,level1_full
269,2026-01-04,SWK Telkom Ketintang,Gayungan,Ketintang,Surabaya Selatan,Genangan,Genangan :  ± 20cm,2026-01-04 16:00:00,2026-01-04 16:01:00,2026-01-04 16:07:00,2026-01-04 16:08:00,2026-01-04 19:20:00,2026-01-04 19:27:00,00:07,20.0,-7.3167838,112.7291732,level4_kelurahan
270,2026-01-04,Jl. Simo Hilir,Sukomanunggal,Simomulyo,Surabaya Barat,Genangan,Genangan : ±60 cm,2026-01-04 16:00:00,2026-01-04 16:01:00,2026-01-04 16:07:00,2026-01-04 16:08:00,2026-01-04 23:58:00,2026-01-05 00:05:00,00:07,60.0,-7.2722452,112.7056594,level1_full
271,2026-01-04,Jl. Simorejo Sari A&B,Sukomanunggal,Simomulyo,Surabaya Barat,Genangan,Genangan : ± 30-50cm,2026-01-04 16:00:00,2026-01-04 16:01:00,2026-01-04 16:07:00,2026-01-04 16:08:00,2026-01-05 04:30:00,2026-01-05 04:37:00,00:07,50.0,-7.2608289,112.7109621,level4_kelurahan
272,2026-01-04,Jl. Simo Kalangan,Sukomanunggal,Simomulyo,Surabaya Barat,Genangan,Genangan : ± 50-80cm,2026-01-04 16:00:00,2026-01-04 16:01:00,2026-01-04 16:07:00,2026-01-04 16:08:00,2026-01-04 23:51:00,2026-01-04 23:58:00,00:07,80.0,-7.2657015,112.7125394,level1_full
273,2026-01-04,Jl. Sukomanunggal,Sukomanunggal,Simomulyo,Surabaya Barat,Genangan,Genangan : ±25 cm,2026-01-04 16:00:00,2026-01-04 16:01:00,2026-01-04 16:07:00,2026-01-04 16:08:00,2026-01-04 23:54:00,2026-01-05 00:02:00,00:07,25.0,-7.2651301,112.6977364,level1_full
274,2026-01-04,Jl. putat Jaya/Kel. Putat Jaya,Sukomanunggal,Simomulyo,Surabaya Barat,Genangan,Genangan : ± 20cm(Surut Nihil),2026-01-04 16:00:00,2026-01-04 16:01:00,2026-01-04 16:07:00,2026-01-04 16:08:00,2026-01-04 20:08:00,2026-01-04 20:15:00,00:07,20.0,-7.2608289,112.7109621,level4_kelurahan
275,2026-01-04,Jl. Kupang Baru,Sukomanunggal,Simomulyo,Surabaya Barat,Genangan,Genangan : ± 60cm,2026-01-04 16:00:00,2026-01-04 16:01:00,2026-01-04 16:07:00,2026-01-04 16:08:00,2026-01-04 19:20:00,2026-01-04 19:27:00,00:07,60.0,-7.2772153,112.7048581,level1_full
276,2026-01-04,Jl. Teluk Betung,Pabean Cantian,Perak Utara,Surabaya Utara,Genangan,Genangan : ± 30-35cm,2026-01-04 16:00:00,2026-01-04 16:01:00,2026-01-04 16:07:00,2026-01-04 16:08:00,2026-01-05 01:45:00,2026-01-05 01:52:00,00:07,35.0,-7.2141232,112.7295661,level1_full
277,2026-01-05,Jl. Tambaksari oso,Benowo,Tambak Oso Wilangun,Surabaya Barat,Genangan,Genangan :  ± 20 cm ( Bersamaan dengan Air Laut Pasang ),2026-01-05 06:34:00,2026-01-05 06:35:00,2026-01-05 06:40:00,2026-01-05 06:41:00,2026-01-05 13:00:00,2026-01-05 13:06:00,00:06,20.0,-7.2190708,112.6544175,level4_kelurahan
278,2026-01-05,Jl. Donowati Gang Buntu,Sukomanunggal,Sukomanunggal,Surabaya Barat,Genangan,Genangan :  ± 20 cm,2026-01-05 06:34:00,2026-01-05 06:35:00,2026-01-05 06:40:00,2026-01-05 06:41:00,2026-01-05 10:20:00,2026-01-05 10:26:00,00:06,20.0,-7.2658439,112.7006571,level1_full
279,2026-01-05,Jl. Simorejosari B,Sukomanunggal,Simomulyo,Surabaya Barat,Genangan,Genangan :  ± 15 cm,2026-01-05 06:34:00,2026-01-05 06:35:00,2026-01-05 06:40:00,2026-01-05 06:41:00,2026-01-05 10:20:00,2026-01-05 10:26:00,00:06,15.0,-7.2608289,112.7109621,level4_kelurahan
280,2026-01-05,Jl. Genting Tambak Dalam,Asem Rowo,Kalianak,Surabaya Barat,Genangan,Genangan :  ± 15 cm,2026-01-05 06:34:00,2026-01-05 06:35:00,2026-01-05 06:40:00,2026-01-05 06:41:00,2026-01-05 14:16:00,2026-01-05 14:22:00,00:06,15.0,-7.2366584,112.7058987,level4_kelurahan
281,2026-01-18,Jl. Simorejo Sari A,Sukomanunggal,Simomulyo,Surabaya Barat,Genangan,Genangan :  ± 5 cm,2026-01-18 18:17:00,2026-01-18 18:18:00,2026-01-18 18:24:00,2026-01-18 18:25:00,2026-01-18 20:34:00,2026-01-18 20:41:00,00:07,5.0,-7.2608289,112.7109621,level4_kelurahan
282,2026-01-18,Jl. Kinibalu,Sawahan,Petemon,Surabaya Selatan,Genangan,Genangan :  ± 15 cm,2026-01-18 18:17:00,2026-01-18 18:18:00,2026-01-18 18:24:00,2026-01-18 18:25:00,2026-01-18 19:59:00,2026-01-18 20:06:00,00:07,15.0,-7.261287,112.7249458,level1_full
283,2026-01-18,Gelora 10 November - Jl. Salak,Tambaksari,Tambaksari,Surabaya Timur,Genangan,Genangan :  ± 13 cm,2026-01-18 17:41:00,2026-01-18 17:42:00,2026-01-18 17:46:00,2026-01-18 17:47:00,2026-01-18 21:16:00,2026-01-18 21:21:00,00:05,13.0,-7.2525354,112.7556503,level4_kelurahan
284,2026-01-18,Gereja SMTB,Wonokromo,Ngagel,Surabaya Selatan,Genangan,Genangan :  ± 15 cm,2026-01-18 18:15:00,2026-01-18 18:16:00,2026-01-18 18:21:00,2026-01-18 18:22:00,2026-01-18 21:14:00,2026-01-18 21:20:00,00:06,15.0,-7.2889791,112.7602304,level3_jalan_only
285,2026-01-18,Sumber Bening,Semampir,Sidotopo,Surabaya Utara,Genangan,Genangan :  ± 50 cm,2026-01-18 19:25:00,2026-01-18 19:26:00,2026-01-18 19:31:00,2026-01-18 19:32:00,2026-01-18 22:07:00,2026-01-18 22:13:00,00:06,50.0,-7.2316221,112.779846,level3_jalan_only
286,2026-01-18,BPJS - Mojo,Gubeng,Mojo,Surabaya Timur,Genangan,Genangan :  ± 30 cm,2026-01-18 18:17:00,2026-01-18 18:18:00,2026-01-18 18:24:00,2026-01-18 18:25:00,2026-01-18 20:58:00,2026-01-18 21:05:00,00:07,30.0,-7.2689366,112.7737936,level1_full
287,2026-01-18,RSIA Kendangsari,Tenggilis Mejoyo,Kendangsari,Surabaya Timur,Genangan,Genangan :  ± 20 cm,2026-01-18 18:18:00,2026-01-18 18:19:00,2026-01-18 18:25:00,2026-01-18 18:26:00,2026-01-18 20:52:00,2026-01-18 20:59:00,00:07,20.0,-7.3253318,112.7455018,level1_full
288,2026-01-18,RS. Ubaya-STK,Tenggilis Mejoyo,Panjang Jiwo,Surabaya Timur,Genangan,Genangan :  ± 15 cm,2026-01-18 18:18:00,2026-01-18 18:19:00,2026-01-18 18:25:00,2026-01-18 18:26:00,2026-01-18 20:50:00,2026-01-18 20:57:00,00:07,15.0,-7.3121667,112.7614965,level4_kelurahan
289,2026-01-18,AWS,Sukolilo,Medokan Semampir,Surabaya Timur,Genangan,Genangan :  ± 15 cm,2026-01-18 18:17:00,2026-01-18 18:18:00,2026-01-18 18:24:00,2026-01-18 18:25:00,2026-01-18 22:59:00,2026-01-18 23:05:00,00:07,15.0,-7.3086471,112.7747963,level1_full
290,2026-01-18,SMPN 12,Wonokromo,Ngagel Rejo,Surabaya Selatan,Genangan,Genangan :  ± 15 cm,2026-01-18 18:17:00,2026-01-18 18:18:00,2026-01-18 18:24:00,2026-01-18 18:25:00,2026-01-18 19:53:00,2026-01-18 20:00:00,00:07,15.0,-7.2978653,112.7492322,level4_kelurahan
291,2026-01-18,Jl. Simo Hilir,Sukomanunggal,Simomulyo,Surabaya Barat,Genangan,Genangan :  ± 20 cm,2026-01-18 18:14:00,2026-01-18 18:15:00,2026-01-18 18:20:00,2026-01-18 18:21:00,2026-01-18 20:18:00,2026-01-18 20:24:00,00:06,20.0,-7.2722452,112.7056594,level1_full
292,2026-02-02,RSIA Kendangsari,Tenggilis Mejoyo,Kendangsari,Surabaya Timur,Genangan,Genangan : 5-7 cm,2026-02-02 16:47:00,2026-02-02 16:48:00,2026-02-02 16:52:00,2026-02-02 16:53:00,2026-02-02 21:18:00,2026-02-02 21:23:00,00:05,7.0,-7.3253318,112.7455018,level1_full
293,2026-02-02,STK Rungkut Mejoyo,Rungkut,Kalirungkut,Surabaya Timur,Genangan,Genangan : 5 cm,2026-02-02 17:23:00,2026-02-02 17:24:00,2026-02-02 17:30:00,2026-02-02 17:31:00,2026-02-02 20:09:00,2026-02-02 20:16:00,00:07,5.0,-7.3199551,112.7676996,level4_kelurahan
294,2026-02-02,AWS,Sukolilo,Medokan Semampir,Surabaya Timur,Genangan,Genangan :   5-10 cm,2026-02-02 16:47:00,2026-02-02 16:48:00,2026-02-02 16:54:00,2026-02-02 16:55:00,2026-02-02 19:00:00,2026-02-02 19:07:00,00:07,10.0,-7.3086471,112.7747963,level1_full
295,2026-02-02,SMPN 12,Wonokromo,Ngagel Rejo,Surabaya Selatan,Genangan,Genangan :   5 cm,2026-02-02 17:20:00,2026-02-02 17:21:00,2026-02-02 17:27:00,2026-02-02 17:28:00,2026-02-02 18:50:00,2026-02-02 18:57:00,00:07,5.0,-7.2978653,112.7492322,level4_kelurahan
296,2026-02-08,Jl. Kupang Baru,Sukomanunggal,Sonokwijenan,Surabaya Barat,Genangan,Genangan :  ± 10cm - 15cm,2026-02-08 15:18:00,2026-02-08 15:19:00,2026-02-08 15:25:00,2026-02-08 15:26:00,2026-02-08 16:05:00,2026-02-08 16:12:00,00:07,15.0,-7.2802959,112.7011375,level1_full
297,2026-02-11,Jl. Ngagel Madya,Gubeng,Baratajaya,Surabaya Timur,Genangan,Genangan : 15 cm,2026-02-11 14:21:00,2026-02-11 14:22:00,2026-02-11 14:26:00,2026-02-11 14:27:00,2026-02-11 17:02:00,2026-02-11 17:07:00,00:05,15.0,-7.2882286,112.758864,level1_full
298,2026-02-11,RSIA Kendangsari,Tenggilis Mejoyo,Kendangsari,Surabaya Timur,Genangan,Genangan : 15 cm,2026-02-11 14:15:00,2026-02-11 14:16:00,2026-02-11 14:22:00,2026-02-11 14:23:00,2026-02-11 19:23:00,2026-02-11 19:30:00,00:07,15.0,-7.3253318,112.7455018,level1_full
299,2026-02-11,RS. Ubaya,Tenggilis Mejoyo,Panjang Jiwo,Surabaya Timur,Genangan,Genangan : 20 cm,2026-02-11 14:15:00,2026-02-11 14:16:00,2026-02-11 14:22:00,2026-02-11 14:23:00,2026-02-11 17:45:00,2026-02-11 17:52:00,00:07,20.0,-7.3121667,112.7614965,level4_kelurahan
300,2026-02-11,AWS,Sukolilo,Nginden Jangkungan,Surabaya Timur,Genangan,Genangan : 10 cm,2026-02-11 14:21:00,2026-02-11 14:22:00,2026-02-11 14:26:00,2026-02-11 14:27:00,2026-02-11 17:30:00,2026-02-11 17:35:00,00:05,10.0,-7.3086654,112.7743772,level1_full
301,2026-02-11,SMPN 12,Wonokromo,Ngagel Rejo,Surabaya Selatan,Genangan,Genangan : 20 cm,2026-02-11 14:15:00,2026-02-11 14:16:00,2026-02-11 14:22:00,2026-02-11 14:23:00,2026-02-11 17:02:00,2026-02-11 17:09:00,00:07,20.0,-7.2978653,112.7492322,level4_kelurahan
302,2026-02-11,Jl. Balas Klumprik,Wiyung,Balas Klumprik,Surabaya Selatan,Genangan,Genangan : 20 cm,2026-02-11 14:30:00,2026-02-11 14:31:00,2026-02-11 14:36:00,2026-02-11 14:37:00,2026-02-11 14:54:00,2026-02-11 15:00:00,00:06,20.0,-7.3295261,112.6847607,level1_full
303,2026-02-14,Graha Family,Wiyung,Wiyung,Surabaya Selatan,Genangan,Genangan : ± 60cm,2026-02-14 15:10:00,2026-02-14 15:11:00,2026-02-14 15:16:00,2026-02-14 15:17:00,2026-02-14 18:19:00,2026-02-14 18:25:00,00:06,60.0,-7.2930776,112.6759437,level1_full
304,2026-02-14,Jl. Balas Klumprik,Wiyung,Balas Klumprik,Surabaya Selatan,Genangan,Genangan : ± 5cm,2026-02-14 15:18:00,2026-02-14 15:19:00,2026-02-14 15:24:00,2026-02-14 15:25:00,2026-02-14 16:10:00,2026-02-14 16:16:00,00:06,5.0,-7.3295261,112.6847607,level1_full
305,2026-02-14,Jl. Sumber Bening,Bulak,Bulak,Surabaya Utara,Genangan,Genangan : ± 10 cm,2026-02-14 15:15:00,2026-02-14 15:16:00,2026-02-14 15:22:00,2026-02-14 15:23:00,2026-02-14 17:38:00,2026-02-14 17:45:00,00:07,10.0,-7.2316221,112.779846,level1_full
306,2026-02-14,Jl. Srikana,Gubeng,Baratajaya,Surabaya Timur,Genangan,Genangan : ± 5 cm,2026-02-14 15:17:00,2026-02-14 15:18:00,2026-02-14 15:22:00,2026-02-14 15:23:00,2026-02-14 17:32:00,2026-02-14 17:38:00,00:05,5.0,-7.274123,112.758657,level2_no_kel
307,2026-02-14,Jl. Teluk Betung,Pabean Cantian,Perak Utara,Surabaya Utara,Genangan,Genangan : ±10cm,2026-02-14 15:55:00,2026-02-14 15:56:00,2026-02-14 16:01:00,2026-02-14 16:02:00,2026-02-14 20:15:00,2026-02-14 20:21:00,00:06,10.0,-7.2141232,112.7295661,level1_full
308,2026-02-14,Jl. Kinibalu,Sawahan,Petemon,Surabaya Selatan,Genangan,Genangan : ±10cm,2026-02-14 16:10:00,2026-02-14 16:11:00,2026-02-14 16:15:00,2026-02-14 16:16:00,2026-02-14 17:32:00,2026-02-14 17:37:00,00:05,10.0,-7.261287,112.7249458,level1_full
309,2026-02-14,Jl. Putat Jaya,Sukomanunggal,Putat Gede,Surabaya Barat,Genangan,Genangan : ±10cm,2026-02-14 16:15:00,2026-02-14 16:16:00,2026-02-14 16:22:00,2026-02-14 16:23:00,2026-02-14 17:35:00,2026-02-14 17:42:00,00:07,10.0,-7.2766812,112.7163307,level3_jalan_only
310,2026-02-14,Jl.Simo Hilir,Sukomanunggal,Simomulyo,Surabaya Barat,Genangan,Genangan : ±10cm,2026-02-14 16:15:00,2026-02-14 16:16:00,2026-02-14 16:20:00,2026-02-14 16:21:00,2026-02-14 17:55:00,2026-02-14 18:00:00,00:05,10.0,-7.2734338,112.7068378,level1_full
311,2026-02-14,Jl.Simo Kalangan,Sukomanunggal,Simomulyo,Surabaya Barat,Genangan,Genangan : ±10cm,2026-02-14 16:20:00,2026-02-14 16:21:00,2026-02-14 16:25:00,2026-02-14 16:26:00,2026-02-14 17:34:00,2026-02-14 17:39:00,00:05,10.0,-7.2657015,112.7125394,level1_full
312,2026-02-14,Jl.Simorejo Sari A & B,Sukomanunggal,Simomulyo,Surabaya Barat,Genangan,Genangan : ±5-10cm,2026-02-14 16:15:00,2026-02-14 16:16:00,2026-02-14 16:20:00,2026-02-14 16:21:00,2026-02-14 17:35:00,2026-02-14 17:40:00,00:05,10.0,-7.2608289,112.7109621,level4_kelurahan
313,2026-02-15,Wisma Tengger,Benowo,Kandangan,Surabaya Barat,Genangan,Genangan : ± 20 cm,2026-02-15 20:23:00,2026-02-15 20:24:00,2026-02-15 20:29:00,2026-02-15 20:30:00,2026-02-16 00:28:00,2026-02-16 00:34:00,00:06,20.0,-7.2625269,112.6565116,level1_full
314,2026-02-15,Jl. Manukan Lor,Tandes,Manukan Kulon,Surabaya Barat,Genangan,Genangan : ±30 cm,2026-02-15 20:24:00,2026-02-15 20:25:00,2026-02-15 20:30:00,2026-02-15 20:31:00,2026-02-15 23:02:00,2026-02-15 23:08:00,00:06,30.0,-7.2600542,112.6618372,level1_full
315,2026-02-15,Jl. Simo Hilir,Sukomanunggal,Simomulyo,Surabaya Barat,Genangan,Genangan : ± 10 cm,2026-02-15 20:29:00,2026-02-15 20:30:00,2026-02-15 20:35:00,2026-02-15 20:36:00,2026-02-15 22:59:00,2026-02-15 23:05:00,00:06,10.0,-7.2722452,112.7056594,level1_full
316,2026-02-15,Jl. Tambak Mayor,Asem Rowo,Asem Rowo,Surabaya Barat,Genangan,Genangan : ± 10 cm,2026-02-15 20:30:00,2026-02-15 20:31:00,2026-02-15 20:36:00,2026-02-15 20:37:00,2026-02-16 04:11:00,2026-02-16 04:17:00,00:06,10.0,-7.2515709,112.7087457,level1_full
317,2026-02-15,Jl. Teluk Betung,Pabean Cantian,Perak Utara,Surabaya Utara,Genangan,Genangan : ± 20 Cm,2026-02-15 20:53:00,2026-02-15 20:54:00,2026-02-15 20:59:00,2026-02-15 21:00:00,2026-02-16 01:08:00,2026-02-16 01:14:00,00:06,20.0,-7.2141232,112.7295661,level1_full
318,2026-02-16,Jl. Raya Margomulyo (Bawah Tol),Asem Rowo,Greges,Surabaya Barat,Genangan,Genangan : ±50-60cm,2026-02-16 00:39:00,2026-02-16 00:40:00,2026-02-16 00:45:00,2026-02-16 00:46:00,2026-02-16 01:28:00,2026-02-16 01:34:00,00:06,60.0,-7.2296319,112.6805239,level4_kelurahan
319,2026-02-16,Jl. Raya Tambak Langon (Imbas Air Laut Pasang),Asem Rowo,Tambak Langon,Surabaya Barat,Genangan,Genangan : ±15-20cm,2026-02-16 00:39:00,2026-02-16 00:40:00,2026-02-16 00:45:00,2026-02-16 00:46:00,2026-02-16 01:39:00,2026-02-16 01:45:00,00:06,20.0,-7.2262065,112.6651378,level4_kelurahan
320,2026-02-23,Jl. Wisma Tengger Kandangan,Benowo,Kandangan,Surabaya Barat,Genangan,Genangan : 10 cm,2026-02-23 14:25:00,2026-02-23 14:26:00,2026-02-23 14:32:00,2026-02-23 14:33:00,2026-02-23 16:00:00,2026-02-23 16:07:00,00:07,10.0,-7.2495909,112.6502826,level4_kelurahan
321,2026-02-23,Jl. AWS,Sukolilo,Medokan Semampir,Surabaya Timur,Genangan,Genangan : 10 cm,2026-02-23 14:30:00,2026-02-23 14:31:00,2026-02-23 14:37:00,2026-02-23 14:38:00,2026-02-23 16:00:00,2026-02-23 16:07:00,00:07,10.0,-7.3083297,112.7752907,level1_full
322,2026-02-23,Jl. Manukan Lor,Tandes,Manukan Kulon,Surabaya Barat,Genangan,Genangan : 50 cm,2026-02-23 14:40:00,2026-02-23 14:41:00,2026-02-23 14:47:00,2026-02-23 14:48:00,2026-02-23 15:50:00,2026-02-23 15:57:00,00:07,50.0,-7.2600542,112.6618372,level1_full
323,2026-02-27,Jl. Tambak Mayor,Asem Rowo,Asem Rowo,Surabaya Barat,Genangan,Genangan : 25 cm,2026-02-27 16:21:00,2026-02-27 16:22:00,2026-02-27 16:27:00,2026-02-27 16:28:00,2026-02-27 18:34:00,2026-02-27 18:40:00,00:06,25.0,-7.2515709,112.7087457,level1_full
324,2026-02-27,Jl. Teluk Betung,Pabean Cantian,Perak Utara,Surabaya Utara,Genangan,Genangan : 15 cm,2026-02-27 16:14:00,2026-02-27 16:15:00,2026-02-27 16:20:00,2026-02-27 16:21:00,2026-02-27 19:20:00,2026-02-27 19:26:00,00:06,15.0,-7.2141232,112.7295661,level1_full
325,2026-02-27,Jl. Kupang Baru,Sukomanunggal,Simomulyo,Surabaya Barat,Genangan,Genangan : 10 cm,2026-02-27 16:15:00,2026-02-27 16:16:00,2026-02-27 16:20:00,2026-02-27 16:21:00,2026-02-27 17:40:00,2026-02-27 17:45:00,00:05,10.0,-7.2772153,112.7048581,level1_full
326,2026-02-27,Jl. Sumber Bening,Bulak,Bulak,Surabaya Utara,Genangan,Genangan : 10 cm,2026-02-27 16:25:00,2026-02-27 16:26:00,2026-02-27 16:31:00,2026-02-27 16:32:00,2026-02-27 17:32:00,2026-02-27 17:38:00,00:06,10.0,-7.2316221,112.779846,level1_full
327,2026-02-27,AWS,Sukolilo,Nginden Jangkungan,Surabaya Timur,Genangan,Genangan : 10 cm,2026-02-27 15:57:00,2026-02-27 15:58:00,2026-02-27 16:04:00,2026-02-27 16:05:00,2026-02-27 17:33:00,2026-02-27 17:40:00,00:07,10.0,-7.3086654,112.7743772,level1_full
328,2026-02-27,Jl. Simo Hilir,Sukomanunggal,Simomulyo,Surabaya Barat,Genangan,Genangan : 15 cm,2026-02-27 16:07:00,2026-02-27 16:08:00,2026-02-27 16:14:00,2026-02-27 16:15:00,2026-02-27 18:39:00,2026-02-27 18:46:00,00:07,15.0,-7.2722452,112.7056594,level1_full
329,2026-02-27,Jl. Tanjungsari,Sukomanunggal,Simomulyo,Surabaya Barat,Genangan,Genangan : 25 cm,2026-02-27 16:07:00,2026-02-27 16:08:00,2026-02-27 16:14:00,2026-02-27 16:15:00,2026-02-27 20:27:00,2026-02-27 20:34:00,00:07,25.0,-7.2559879,112.7003979,level1_full
330,2026-02-27,Wisma Tengger,Benowo,Kandangan,Surabaya Barat,Genangan,Genangan : 25 cm,2026-02-27 16:00:00,2026-02-27 16:01:00,2026-02-27 16:07:00,2026-02-27 16:08:00,2026-02-27 17:46:00,2026-02-27 17:53:00,00:07,25.0,-7.2625269,112.6565116,level1_full
331,2026-02-27,Jl. Romokalisari,Benowo,Romokalisari,Surabaya Barat,Genangan,Genangan : 15 cm,2026-02-27 16:24:00,2026-02-27 16:25:00,2026-02-27 16:30:00,2026-02-27 16:31:00,2026-02-27 21:00:00,2026-02-27 21:06:00,00:06,15.0,-7.2002126,112.6573267,level1_full
332,2026-03-02,Wisma Tengger,Benowo,Kandangan,Surabaya Barat,Genangan,Genangan : ± 15cm,2026-03-02 14:15:00,2026-03-02 14:16:00,2026-03-02 14:21:00,2026-03-02 14:22:00,2026-03-02 15:32:00,2026-03-02 15:38:00,00:06,15.0,-7.2625269,112.6565116,level1_full
333,2026-03-02,Jl. Manukan Lor,Tandes,Manukan Kulon,Surabaya Barat,Genangan,Genangan : ± 20cm,2026-03-02 14:20:00,2026-03-02 14:21:00,2026-03-02 14:26:00,2026-03-02 14:27:00,2026-03-02 15:24:00,2026-03-02 15:30:00,00:06,20.0,-7.2600542,112.6618372,level1_full
334,2026-03-02,Jl. Bogorami Sumber Bening,Bulak,Bulak,Surabaya Utara,Genangan,Genangan : ± 5cm,2026-03-02 14:15:00,2026-03-02 14:16:00,2026-03-02 14:22:00,2026-03-02 14:23:00,2026-03-02 15:15:00,2026-03-02 15:22:00,00:07,5.0,-7.2316221,112.779846,level1_full
335,2026-03-02,Jl. Teluk Betung,Pabean Cantian,Perak Utara,Surabaya Utara,Genangan,Genangan : ± 5cm,2026-03-02 14:16:00,2026-03-02 14:17:00,2026-03-02 14:23:00,2026-03-02 14:24:00,2026-03-02 18:00:00,2026-03-02 18:07:00,00:07,5.0,-7.2141232,112.7295661,level1_full
336,2026-03-02,Jl. RSIA Kendangsari,Tenggilis Mejoyo,Kendangsari,Surabaya Timur,Genangan,Genangan : ± 5cm,2026-03-02 14:16:00,2026-03-02 14:17:00,2026-03-02 14:22:00,2026-03-02 14:23:00,2026-03-02 15:29:00,2026-03-02 15:35:00,00:06,5.0,-7.3244083,112.7497263,level4_kelurahan
337,2026-03-02,AWS,Sukolilo,Nginden Jangkungan,Surabaya Timur,Genangan,Genangan : ± 5cm,2026-03-02 14:20:00,2026-03-02 14:21:00,2026-03-02 14:26:00,2026-03-02 14:27:00,2026-03-02 15:25:00,2026-03-02 15:31:00,00:06,5.0,-7.3086654,112.7743772,level1_full
338,2026-03-02,SMP 12,Wonokromo,Ngagel Rejo,Surabaya Selatan,Genangan,Genangan : ± 10cm,2026-03-02 14:20:00,2026-03-02 14:21:00,2026-03-02 14:27:00,2026-03-02 14:28:00,2026-03-02 15:39:00,2026-03-02 15:46:00,00:07,10.0,-7.2974373,112.7441427,level1_full
339,2026-03-02,Jl. Ngagel Madya,Gubeng,Baratajaya,Surabaya Timur,Genangan,Genangan : ± 5cm,2026-03-02 14:20:00,2026-03-02 14:21:00,2026-03-02 14:26:00,2026-03-02 14:27:00,2026-03-02 15:30:00,2026-03-02 15:36:00,00:06,5.0,-7.2882286,112.758864,level1_full
340,2026-03-02,Jl. Tanjung Sadari,Krembangan,Perak Barat,Surabaya Utara,Genangan,Genangan : ± 10cm,2026-03-02 15:00:00,2026-03-02 15:01:00,2026-03-02 15:07:00,2026-03-02 15:08:00,2026-03-02 16:03:00,2026-03-02 16:10:00,00:07,10.0,-7.2239465,112.7300268,level1_full
341,2026-03-03,SMP 12,Wonokromo,Ngagel Rejo,Surabaya Selatan,Genangan,Genangan : ± 15 cm,2026-03-03 15:00:00,2026-03-03 15:01:00,2026-03-03 15:06:00,2026-03-03 15:07:00,2026-03-03 16:28:00,2026-03-03 16:34:00,00:06,15.0,-7.2974373,112.7441427,level1_full
342,2026-03-09,Jl. Sumber Bening,Bulak,Bulak,Surabaya Utara,Genangan,Genangan : ±30cm,2026-03-09 16:46:00,2026-03-09 16:47:00,2026-03-09 16:50:00,2026-03-09 16:51:00,2026-03-09 18:51:00,2026-03-09 18:55:00,00:04,30.0,-7.2316221,112.779846,level1_full
343,2026-03-09,Wisma Tengger,Benowo,Kandangan,Surabaya Barat,Genangan,Genangan : ± 20cm,2026-03-09 16:40:00,2026-03-09 16:41:00,2026-03-09 16:45:00,2026-03-09 16:46:00,2026-03-09 21:07:00,2026-03-09 21:12:00,00:05,20.0,-7.2625269,112.6565116,level1_full
344,2026-03-09,Jl. Manukan Lor,Tandes,Manukan Kulon,Surabaya Barat,Genangan,Genangan : ± 30 cm,2026-03-09 17:00:00,2026-03-09 17:01:00,2026-03-09 17:05:00,2026-03-09 17:06:00,2026-03-09 19:00:00,2026-03-09 19:05:00,00:05,30.0,-7.2600542,112.6618372,level1_full
345,2026-03-09,Jl. Sememi Jaya Selatan Gg 2,Benowo,Sememi,Surabaya Barat,Genangan,Genangan : ± 50cm,2026-03-09 18:23:00,2026-03-09 18:24:00,2026-03-09 18:27:00,2026-03-09 18:28:00,2026-03-09 21:57:00,2026-03-09 22:01:00,00:04,50.0,-7.2465629,112.6420176,level4_kelurahan
346,2026-03-12,RS Ubaya,Tenggilis Mejoyo,Panjang Jiwo,Surabaya Timur,Genangan,Genangan : 10 cm,2026-03-12 17:16:00,2026-03-12 17:17:00,2026-03-12 17:22:00,2026-03-12 17:23:00,2026-03-12 18:43:00,2026-03-12 18:49:00,00:06,10.0,-7.3121667,112.7614965,level4_kelurahan
347,2026-03-13,AWS,Sukolilo,Nginden Jangkungan,Surabaya Timur,Genangan,Genangan : 15 cm ( Penyedotan di saluran air ),2026-03-13 15:51:00,2026-03-13 15:52:00,2026-03-13 15:57:00,2026-03-13 15:58:00,2026-03-13 23:35:00,2026-03-13 23:41:00,00:06,15.0,-7.3086654,112.7743772,level1_full
348,2026-03-13,SMPN 12,Wonokromo,Ngagel Rejo,Surabaya Selatan,Genangan,Genangan : 30 cm,2026-03-13 15:51:00,2026-03-13 15:52:00,2026-03-13 15:57:00,2026-03-13 15:58:00,2026-03-13 18:59:00,2026-03-13 19:05:00,00:06,30.0,-7.2978653,112.7492322,level4_kelurahan
349,2026-03-13,SMTB,Gubeng,Baratajaya,Surabaya Timur,Genangan,Genangan : 10 s/d 15 cm,2026-03-13 15:51:00,2026-03-13 15:52:00,2026-03-13 15:57:00,2026-03-13 15:58:00,2026-03-13 18:35:00,2026-03-13 18:41:00,00:06,15.0,-7.2889791,112.7602304,level1_full
350,2026-03-13,RSIA Kendangsari,Tenggilis Mejoyo,Kendangsari,Surabaya Timur,Genangan,Genangan : 20 cm ( Penyedotan ),2026-03-13 15:53:00,2026-03-13 15:54:00,2026-03-13 16:00:00,2026-03-13 16:01:00,2026-03-13 18:32:00,2026-03-13 18:39:00,00:07,20.0,-7.3253318,112.7455018,level1_full
351,2026-03-13,Jl.Rungkut Mejoyo Selatan,Rungkut,Kalirungkut,Surabaya Timur,Genangan,Genangan : 10 cm,2026-03-13 16:12:00,2026-03-13 16:13:00,2026-03-13 16:18:00,2026-03-13 16:19:00,2026-03-13 18:33:00,2026-03-13 18:39:00,00:06,10.0,-7.3234412,112.7610663,level1_full
352,2026-03-13,Bale Hinggil,Sukolilo,Medokan Semampir,Surabaya Timur,Genangan,Genangan : 15 cm,2026-03-13 19:49:00,2026-03-13 19:50:00,2026-03-13 19:56:00,2026-03-13 19:57:00,2026-03-13 23:18:00,2026-03-13 23:25:00,00:07,15.0,-7.3096057,112.7813088,level1_full
353,2026-03-13,Graha Family,Wiyung,Wiyung,Surabaya Selatan,Genangan,Genangan : 20 cm,2026-03-13 15:58:00,2026-03-13 15:59:00,2026-03-13 16:04:00,2026-03-13 16:05:00,2026-03-13 18:23:00,2026-03-13 18:29:00,00:06,20.0,-7.2930776,112.6759437,level1_full
354,2026-03-13,SWK Ketintang,Gayungan,Ketintang,Surabaya Selatan,Genangan,Genangan : 20 cm,2026-03-13 16:00:00,2026-03-13 16:01:00,2026-03-13 16:05:00,2026-03-13 16:06:00,2026-03-13 18:10:00,2026-03-13 18:15:00,00:05,20.0,-7.3167838,112.7291732,level4_kelurahan
355,2026-03-13,BPJS,Gubeng,Mojo,Surabaya Timur,Genangan,Genangan : 15 cm,2026-03-13 16:37:00,2026-03-13 16:38:00,2026-03-13 16:42:00,2026-03-13 16:43:00,2026-03-13 17:49:00,2026-03-13 17:52:00,00:05,15.0,-7.2689366,112.7737936,level1_full
356,2026-03-13,SWK  Jl.Mojo Klanggru,Gubeng,Mojo,Surabaya Timur,Genangan,Genangan : 10 cm,2026-03-13 17:50:00,2026-03-13 17:51:00,2026-03-13 17:56:00,2026-03-13 17:57:00,2026-03-13 18:37:00,2026-03-13 18:43:00,00:06,10.0,-7.2713958,112.767093,level4_kelurahan
357,2026-03-13,Jl.Wisma Tengger,Benowo,Kandangan,Surabaya Barat,Genangan,Genangan : 15 cm,2026-03-13 16:40:00,2026-03-13 16:41:00,2026-03-13 16:46:00,2026-03-13 16:47:00,2026-03-13 18:05:00,2026-03-13 18:11:00,00:06,15.0,-7.2611696,112.6568495,level1_full
358,2026-03-13,Jl.Manyar rejo,Mulyorejo,Manyar Sabrangan,Surabaya Timur,Genangan,Genangan : 40 cm,2026-03-13 17:49:00,2026-03-13 17:50:00,2026-03-13 17:56:00,2026-03-13 17:57:00,2026-03-13 20:15:00,2026-03-13 20:22:00,00:07,40.0,-7.297006,112.7661716,level3_jalan_only
359,2026-03-15,RSIA Kendangsari,Tenggilis Mejoyo,Kendangsari,Surabaya Timur,Genangan,Genangan : 10 cm,2026-03-15 15:38:00,2026-03-15 15:39:00,2026-03-15 15:44:00,2026-03-15 15:45:00,2026-03-15 18:14:00,2026-03-15 18:20:00,00:06,10.0,-7.3253318,112.7455018,level1_full
360,2026-03-15,Jl. Kinibalu,Sawahan,Petemon,Surabaya Selatan,Genangan,Genangan : 10-15 cm,2026-03-15 16:17:00,2026-03-15 16:18:00,2026-03-15 16:24:00,2026-03-15 16:25:00,2026-03-15 18:16:00,2026-03-15 18:23:00,00:07,15.0,-7.261287,112.7249458,level1_full
361,2026-03-16,AWS,Sukolilo,Medokan Semampir,Surabaya Timur,Genangan,Genangan : ± 10-15 cm,2026-03-16 15:40:00,2026-03-16 15:41:00,2026-03-16 15:46:00,2026-03-16 15:47:00,2026-03-16 17:10:00,2026-03-16 17:16:00,00:06,15.0,-7.3086471,112.7747963,level1_full
362,2026-03-16,Jl. Bangkingan,Lakarsantri,Sumurwelut,Surabaya Barat,Genangan,Genangan : 15 cm,2026-03-16 18:00:00,2026-03-16 18:01:00,2026-03-16 18:06:00,2026-03-16 18:07:00,2026-03-16 20:26:00,2026-03-16 20:32:00,00:06,15.0,-7.32436,112.6585034,level1_full
363,2026-03-17,Jl. Teluk Betung,Pabean Cantian,Perak Utara,Surabaya Utara,Genangan,Tinggi Genangan : ± 10 cm,2026-03-17 15:15:00,2026-03-17 15:16:00,2026-03-17 15:20:00,2026-03-17 15:21:00,2026-03-17 20:55:00,2026-03-17 21:00:00,00:05,10.0,-7.2141232,112.7295661,level1_full
364,2026-03-17,Jl. Lontar,Sambikerep,Lontar,Surabaya Barat,Genangan,Tinggi Genangan : ± 30cm,2026-03-17 15:40:00,2026-03-17 15:41:00,2026-03-17 15:46:00,2026-03-17 15:47:00,2026-03-17 17:06:00,2026-03-17 17:12:00,00:06,30.0,-7.2848025,112.6545019,level1_full
365,2026-03-22,Jl. Wisma Tengger Kandangan,Benowo,Kandangan,Surabaya Barat,Genangan,Genangan : 20 cm,2026-03-22 16:05:00,2026-03-22 16:06:00,2026-03-22 16:12:00,2026-03-22 16:13:00,2026-03-22 17:57:00,2026-03-22 18:04:00,00:07,20.0,-7.2495909,112.6502826,level4_kelurahan
366,2026-04-10,Jl. Wisma Tengger,Benowo,Kandangan,Surabaya Barat,Genangan,Genangan : 10 cm - 15 cm,2026-04-10 10:24:00,2026-04-10 10:24:00,2026-04-10 10:25:00,2026-04-10 10:26:00,2026-04-10 11:45:00,2026-04-10 11:46:00,00:01,15.0,-7.2625269,112.6565116,level1_full
367,2026-04-22,Jl. Wisma Tengger,Benowo,Kandangan,Surabaya Barat,Genangan,Genangan : 25 cm,2026-04-22 09:58:00,2026-04-22 09:59:00,2026-04-22 10:05:00,2026-04-22 10:06:00,2026-04-22 11:50:00,2026-04-22 11:57:00,00:07,25.0,-7.2625269,112.6565116,level1_full
368,2026-04-22,Jl. Sumber Bening,Bulak,Bulak,Surabaya Utara,Genangan,Genangan : 5 cm,2026-04-22 10:10:00,2026-04-22 10:11:00,2026-04-22 10:16:00,2026-04-22 10:17:00,2026-04-22 10:52:00,2026-04-22 10:58:00,00:06,5.0,-7.2316221,112.779846,level1_full
369,2026-04-22,Jl. Teluk Betung,Pabean Cantian,Perak Utara,Surabaya Utara,Genangan,Genangan : 15 cm,2026-04-22 10:08:00,2026-04-22 10:09:00,2026-04-22 10:15:00,2026-04-22 10:16:00,2026-04-22 20:48:00,2026-04-22 20:55:00,00:07,15.0,-7.2141232,112.7295661,level1_full
370,2026-04-22,Jl. Romokalisari,Benowo,Tambak Oso Wilangun,Surabaya Barat,Genangan,Genangan : 10 cm,2026-04-22 10:24:00,2026-04-22 10:25:00,2026-04-22 10:30:00,2026-04-22 10:31:00,2026-04-22 13:02:00,2026-04-22 13:08:00,00:06,10.0,-7.2002126,112.6573267,level1_full
371,2026-04-22,Jl. Manukan Lor,Tandes,Manukan Kulon,Surabaya Barat,Genangan,Genangan : 10 cm,2026-04-22 10:23:00,2026-04-22 10:24:00,2026-04-22 10:30:00,2026-04-22 10:31:00,2026-04-22 11:39:00,2026-04-22 11:46:00,00:07,10.0,-7.2600542,112.6618372,level1_full
372,2026-04-22,Jl. Tanjungsari,Sukomanunggal,Tanjungsari,Surabaya Barat,Genangan,Genangan : 10 cm,2026-04-22 10:26:00,2026-04-22 10:27:00,2026-04-22 10:33:00,2026-04-22 10:34:00,2026-04-22 12:12:00,2026-04-22 12:19:00,00:07,10.0,-7.2659721,112.6916819,level1_full
373,2026-04-22,Jl. Sememi Jaya Selatan II-B,Benowo,Sememi,Surabaya Barat,Genangan,Genangan : 15 cm,2026-04-22 11:39:00,2026-04-22 11:40:00,2026-04-22 11:46:00,2026-04-22 11:47:00,2026-04-22 14:11:00,2026-04-22 14:18:00,00:07,15.0,-7.2465629,112.6420176,level4_kelurahan
374,2026-05-01,JL.Aspol Bangkingan,Lakarsantri,Bangkingan,Surabaya Barat,Genangan,Genangan : 15 s/d 20 cm,2026-05-01 16:18:00,2026-05-01 16:18:00,2026-05-01 16:19:00,2026-05-01 16:20:00,2026-05-01 17:27:00,2026-05-01 17:28:00,00:01,20.0,-7.3228277,112.6572924,level4_kelurahan
375,2026-05-27,Jl.Simorejosari A,Sukomanunggal,Simomulyo,Surabaya Barat,Genangan,Genangan : ± 30 cm,2026-05-27 04:55:00,2026-05-27 04:56:00,2026-05-27 05:02:00,2026-05-27 05:03:00,2026-05-27 10:24:00,2026-05-27 10:31:00,00:07,30.0,-7.2608289,112.7109621,level4_kelurahan
376,2026-05-27,Jl. Wisma Tengger,Benowo,Kandangan,Surabaya Barat,Genangan,Genangan : ± 10 s/d 15 cm,2026-05-27 04:55:00,2026-05-27 04:56:00,2026-05-27 04:58:00,2026-05-27 04:59:00,2026-05-27 06:05:00,2026-05-27 06:08:00,00:03,15.0,-7.2625269,112.6565116,level1_full
377,2026-06-22,SWK Ketintang dan Jl. Lusi,Gayungan,Ketintang,Surabaya Selatan,Genangan,Genangan : 5 cm >> Surut>>,2026-06-22 05:14:00,2026-06-22 05:15:00,2026-06-22 05:20:00,2026-06-22 05:21:00,2026-06-22 09:22:00,2026-06-22 09:28:00,00:06,5.0,-7.3167838,112.7291732,level4_kelurahan
378,2026-06-22,Wisma Tengger,Benowo,Kandangan,Surabaya Barat,Genangan,Genangan : 10 cm = Surut Clear 0%,2026-06-22 05:14:00,2026-06-22 05:15:00,2026-06-22 05:20:00,2026-06-22 05:21:00,2026-06-22 08:14:00,2026-06-22 08:20:00,00:06,10.0,-7.2625269,112.6565116,level1_full
379,2026-06-22,SMPN 12,Wonokromo,Ngagel Rejo,Surabaya Selatan,Genangan,Genangan : 20 cm,2026-06-22 05:57:00,2026-06-22 05:58:00,2026-06-22 06:02:00,2026-06-22 06:03:00,2026-06-22 10:05:00,2026-06-22 10:10:00,00:05,20.0,-7.2978653,112.7492322,level4_kelurahan
380,2026-06-22,JL. Bung Tomo Ngagel dan Jl. Ngagel Timur,Wonokromo,Ngagel,Surabaya Selatan,Genangan,Genangan : 20 cm,2026-06-22 06:31:00,2026-06-22 06:32:00,2026-06-22 06:37:00,2026-06-22 06:38:00,2026-06-22 09:15:00,2026-06-22 09:21:00,00:06,20.0,-7.290469,112.7451258,level4_kelurahan
381,2026-06-22,Gereja SMTB,Gubeng,Baratajaya,Surabaya Timur,Genangan,Genangan : 5 cm,2026-06-22 06:43:00,2026-06-22 06:44:00,2026-06-22 06:49:00,2026-06-22 06:50:00,2026-06-22 09:30:00,2026-06-22 09:36:00,00:06,5.0,-7.2889791,112.7602304,level1_full
382,2026-06-22,"Jl. Bratang Binangun, Benang Raja dan Jl. Barata Jaya",Gubeng,Baratajaya,Surabaya Timur,Genangan,Tinggi Genangan : 30 cm,2026-06-22 06:50:00,2026-06-22 06:51:00,2026-06-22 06:57:00,2026-06-22 06:58:00,2026-06-22 11:49:00,2026-06-22 11:55:00,00:07,30.0,-7.2960594,112.7594578,level4_kelurahan
383,2026-06-22,Jl. Simo Kalangan,Sukomanunggal,Simomulyo,Surabaya Barat,Genangan,Genangan : 30 cm,2026-06-22 06:54:00,2026-06-22 06:55:00,2026-06-22 07:00:00,2026-06-22 07:01:00,2026-06-22 09:00:00,2026-06-22 09:06:00,00:06,30.0,-7.2657015,112.7125394,level1_full
384,2026-06-22,Jl. Simo Hilir,Sukomanunggal,Simomulyo,Surabaya Barat,Genangan,Genangan : 30 cm,2026-06-22 06:59:00,2026-06-22 07:00:00,2026-06-22 07:06:00,2026-06-22 07:07:00,2026-06-22 09:00:00,2026-06-22 09:07:00,00:07,30.0,-7.2722452,112.7056594,level1_full
385,2026-06-22,"RS Ubaya, STK",Tenggilis Mejoyo,Panjang Jiwo,Surabaya Timur,Genangan,Genangan : 15 cm,2026-06-22 07:09:00,2026-06-22 07:10:00,2026-06-22 07:16:00,2026-06-22 07:17:00,2026-06-22 09:18:00,2026-06-22 09:25:00,00:07,15.0,-7.3121667,112.7614965,level4_kelurahan
386,2026-06-22,RSIA Kendangsari,Tenggilis Mejoyo,Kendangsari,Surabaya Timur,Genangan,Genangan : 5 cm,2026-06-22 07:21:00,2026-06-22 07:22:00,2026-06-22 07:27:00,2026-06-22 07:28:00,2026-06-22 09:04:00,2026-06-22 09:10:00,00:06,5.0,-7.3253318,112.7455018,level1_full
387,2026-06-22,Perpusda Jl. Menur Pumpungan,Mulyorejo,Manyar Sabrangan,Surabaya Timur,Genangan,Genangan : 10 cm,2026-06-22 07:29:00,2026-06-22 07:30:00,2026-06-22 07:36:00,2026-06-22 07:37:00,2026-06-22 10:00:00,2026-06-22 10:07:00,00:07,10.0,-7.2810905,112.7735425,level4_kelurahan
388,2026-06-22,Jl. Imam Bonjol dan Jl. Kartini,Tegalsari,Dr. Soetomo,Surabaya Pusat,Genangan,Genangan : 20 cm,2026-06-22 07:34:00,2026-06-22 07:35:00,2026-06-22 07:40:00,2026-06-22 07:41:00,2026-06-22 10:00:00,2026-06-22 10:06:00,00:06,20.0,-7.2816049,112.7361903,level4_kelurahan
389,2026-06-22,Ngagel Madya,Gubeng,Baratajaya,Surabaya Timur,Genangan,Genangan : 30 cm,2026-06-22 09:09:00,2026-06-22 09:10:00,2026-06-22 09:16:00,2026-06-22 09:17:00,2026-06-22 10:57:00,2026-06-22 11:04:00,00:07,30.0,-7.2911222,112.759231,level1_full
390,2026-06-22,Asem Mulya,Asem Rowo,Asem Rowo,Surabaya Barat,Genangan,Genangan : 5 cm,2026-06-22 10:28:00,2026-06-22 10:29:00,2026-06-22 10:34:00,2026-06-22 10:35:00,2026-06-22 11:38:00,2026-06-22 11:44:00,00:06,5.0,-7.2532898,112.7134683,level1_full
391,2026-06-22,Simorejosari A dan B,Sukomanunggal,Simomulyo,Surabaya Barat,Genangan,Genangan : 20 cm,2026-06-22 09:03:00,2026-06-22 09:04:00,2026-06-22 09:06:00,2026-06-22 09:07:00,2026-06-22 10:45:00,2026-06-22 10:48:00,00:03,20.0,-7.2608289,112.7109621,level4_kelurahan
392,2026-06-22,Tanjungsari dan Tambak Mayor,Sukomanunggal,Tanjungsari,Surabaya Barat,Genangan,Genangan : 15 cm,2026-06-22 07:12:00,2026-06-22 07:13:00,2026-06-22 07:18:00,2026-06-22 07:19:00,2026-06-22 12:37:00,2026-06-22 12:43:00,00:06,15.0,-7.2659721,112.6916819,level4_kelurahan
393,2026-06-22,AWS,Sukolilo,Nginden Jangkungan,Surabaya Timur,Genangan,Genangan : 50 cm,2026-06-22 05:12:00,2026-06-22 05:13:00,2026-06-22 05:17:00,2026-06-22 05:18:00,2026-06-22 16:50:00,2026-06-22 16:55:00,00:05,50.0,-7.3086654,112.7743772,level1_full
394,2026-06-22,SMKN 10 dan Bale Hinggil,Sukolilo,Keputih,Surabaya Timur,Genangan,Genangan : 30 cm,2026-06-22 07:39:00,2026-06-22 07:40:00,2026-06-22 07:46:00,2026-06-22 07:47:00,2026-06-22 15:15:00,2026-06-22 15:22:00,00:07,30.0,-7.295096,112.7927717,level4_kelurahan
395,2026-06-22,Donowati Gg Buntu,Sukomanunggal,Sukomanunggal,Surabaya Barat,Genangan,Genangan :10 cm,2026-06-22 10:49:00,2026-06-22 10:50:00,2026-06-22 10:55:00,2026-06-22 10:56:00,2026-06-22 15:00:00,2026-06-22 15:06:00,00:06,10.0,-7.2617671,112.6973817,level4_kelurahan
396,2026-06-23,Jl. Simo Kalangan,Sukomanunggal,Simomulyo,Surabaya Barat,Genangan,Genangan : 25 cm,2026-06-23 03:36:00,2026-06-23 03:37:00,2026-06-23 03:42:00,2026-06-23 03:43:00,2026-06-23 07:56:00,2026-06-23 08:02:00,00:06,25.0,-7.2657015,112.7125394,level1_full
397,2026-06-23,Jl. AWS,Sukolilo,Medokan Semampir,Surabaya Timur,Genangan,Genangan : 30-40 cm,2026-06-23 04:45:00,2026-06-23 04:46:00,2026-06-23 04:50:00,2026-06-23 04:51:00,2026-06-23 08:30:00,2026-06-23 08:36:00,00:05,40.0,-7.3083297,112.7752907,level1_full
398,2026-06-23,Bale Hinggil,Sukolilo,Medokan Semampir,Surabaya Timur,Genangan,Genangan : 50 cm,2026-06-23 04:30:00,2026-06-23 04:31:00,2026-06-23 04:36:00,2026-06-23 04:37:00,2026-06-23 08:20:00,2026-06-23 08:26:00,00:06,50.0,-7.3096057,112.7813088,level1_full
399,2026-06-23,Jl. Keputih Tegal - SMKN 10,Sukolilo,Keputih,Surabaya Timur,Genangan,Genangan : 20-30 cm,2026-06-23 04:40:00,2026-06-23 04:41:00,2026-06-23 04:46:00,2026-06-23 04:47:00,2026-06-23 08:15:00,2026-06-23 08:21:00,00:06,30.0,-7.295096,112.7927717,level4_kelurahan
400,2026-06-23,Jl. Manyar Rejo,Sukolilo,Menur Pumpungan,Surabaya Timur,Genangan,Genangan : 20 cm,2026-06-23 04:45:00,2026-06-23 04:46:00,2026-06-23 04:51:00,2026-06-23 04:52:00,2026-06-23 09:00:00,2026-06-23 09:06:00,00:06,20.0,-7.2956065,112.7645529,level1_full
401,2026-06-23,SMTB,Gubeng,Baratajaya,Surabaya Timur,Genangan,Genangan : 20 cm,2026-06-23 04:45:00,2026-06-23 04:46:00,2026-06-23 04:50:00,2026-06-23 04:51:00,2026-06-23 08:40:00,2026-06-23 08:50:00,00:05,20.0,-7.2889791,112.7602304,level1_full
402,2026-06-23,Jl. Imam Bonjol,Tegalsari,Dr. Soetomo,Surabaya Pusat,Genangan,Genangan : 30-40 cm,2026-06-23 04:40:00,2026-06-23 04:41:00,2026-06-23 04:46:00,2026-06-23 04:47:00,2026-06-23 07:45:00,2026-06-23 07:51:00,00:06,40.0,-7.278963,112.7352695,level1_full
403,2026-06-23,SMPN 12,Wonokromo,Ngagel Rejo,Surabaya Selatan,Genangan,Genangan : 25-30 cm,2026-06-23 04:35:00,2026-06-23 04:36:00,2026-06-23 04:40:00,2026-06-23 04:41:00,2026-06-23 07:50:00,2026-06-23 07:55:00,00:05,30.0,-7.2978653,112.7492322,level4_kelurahan
404,2026-06-23,Jl. Bratang Binangun,Gubeng,Baratajaya,Surabaya Timur,Genangan,Genangan : 30 cm,2026-06-23 05:35:00,2026-06-23 05:36:00,2026-06-23 05:40:00,2026-06-23 05:41:00,2026-06-23 08:10:00,2026-06-23 08:15:00,00:05,30.0,-7.2987645,112.7597632,level1_full
405,2026-06-23,Jl. Tenggilis Mejoyo,Tenggilis Mejoyo,Tenggilis Mejoyo,Surabaya Timur,Genangan,Genangan : 50 cm,2026-06-23 04:30:00,2026-06-23 04:31:00,2026-06-23 04:36:00,2026-06-23 04:37:00,2026-06-23 08:35:00,2026-06-23 08:41:00,00:06,50.0,-7.3198073,112.7569099,level1_full
406,2026-06-23,RSIA Kendangsari,Tenggilis Mejoyo,Kendangsari,Surabaya Timur,Genangan,Genangan : 10-15 cm,2026-06-23 04:42:00,2026-06-23 04:43:00,2026-06-23 04:46:00,2026-06-23 04:47:00,2026-06-23 08:10:00,2026-06-23 08:14:00,00:04,15.0,-7.3253318,112.7455018,level1_full
407,2026-06-23,Wisma Tengger,Benowo,Kandangan,Surabaya Barat,Genangan,Genangan : 5-7 cm,2026-06-23 04:40:00,2026-06-23 04:41:00,2026-06-23 04:46:00,2026-06-23 04:47:00,2026-06-23 07:58:00,2026-06-23 08:04:00,00:06,7.0,-7.2625269,112.6565116,level1_full
408,2026-06-23,RS. EC,Rungkut,Kalirungkut,Surabaya Timur,Genangan,Genangan : 15 cm,2026-06-23 04:40:00,2026-06-23 04:41:00,2026-06-23 04:46:00,2026-06-23 04:47:00,2026-06-23 08:13:00,2026-06-23 08:19:00,00:06,15.0,-7.3199551,112.7676996,level4_kelurahan
409,2026-06-23,STK Rungkut Mejoyo Selatan,Rungkut,Kalirungkut,Surabaya Timur,Genangan,Genangan : 20 cm,2026-06-23 04:45:00,2026-06-23 04:46:00,2026-06-23 04:50:00,2026-06-23 04:51:00,2026-06-23 08:45:00,2026-06-23 08:50:00,00:05,20.0,-7.3199551,112.7676996,level4_kelurahan
410,2026-06-23,Jl. Tanjungsari - Simorejosari,Sukomanunggal,Simomulyo,Surabaya Barat,Genangan,Genangan : 15 cm,2026-06-23 06:25:00,2026-06-23 06:26:00,2026-06-23 06:30:00,2026-06-23 06:31:00,2026-06-23 08:34:00,2026-06-23 08:39:00,00:05,15.0,-7.2608289,112.7109621,level4_kelurahan
